"tinyId","nome","categoriaTiny","departamentoProposto","categoriaProposta","confianca","decisao","motivo"
"738050720","1 Pote Pump De Acetona 60ml Para Removedor De Esmalte","NAIL DESIGNER","Nail Designer","Nail Designer","ALTA","AUTO_APROVADO","Categoria Tiny já pertence à árvore Nail Designer."
"738050739","3 Esponja para treino","Lash Designer >> Acesssórios e descartáveis","Lash Designer","Acessórios","ALTA","AUTO_APROVADO","Categoria Tiny já pertence à árvore Lash Designer."
"738050756","4D marrom fadvan mix 8-14","(SEM CATEGORIA)","Lash Designer","Cílios","MEDIA","AUTO_APROVADO","Nome contém sinais fortes de produto para extensão de cílios."
"804739603","5D marrom fadvan mix 8-14","(SEM CATEGORIA)","Lash Designer","Cílios","MEDIA","AUTO_APROVADO","Nome contém sinais fortes de produto para extensão de cílios."
"744931523","Acelerador de secagem - Cherry lash ","(SEM CATEGORIA)","Lash Designer","Cílios","MEDIA","AUTO_APROVADO","Nome contém sinais fortes de produto para extensão de cílios."
"738050765","Adesivador Step 2 11ml - Bluwe","NAIL DESIGNER >> BLUWE","Nail Designer","Nail Designer","ALTA","AUTO_APROVADO","Categoria Tiny já pertence à árvore Nail Designer."
"738050794","Algodão prensado","NAIL DESIGNER","Nail Designer","Nail Designer","ALTA","AUTO_APROVADO","Categoria Tiny já pertence à árvore Nail Designer."
"738050839","Alicate Cortador de Unhas em Gel Postiças e Tips Profissional","NAIL DESIGNER","Nail Designer","Nail Designer","ALTA","AUTO_APROVADO","Categoria Tiny já pertence à árvore Nail Designer."
"806076669","Anel batoque sem divisora","Acesssórios e descartáveis","Revisar","Revisar","BAIXA","REVISAR_MANUALMENTE","Sem sinal suficiente para classificar automaticamente sem risco."
"806076684","Anel batoque sem divisora - 10","Acesssórios e descartáveis","Revisar","Revisar","BAIXA","REVISAR_MANUALMENTE","Sem sinal suficiente para classificar automaticamente sem risco."
"806076689","Anel batoque sem divisora - 50","Acesssórios e descartáveis","Revisar","Revisar","BAIXA","REVISAR_MANUALMENTE","Sem sinal suficiente para classificar automaticamente sem risco."
"741047472","Anel para cola - flor","Acesssórios e descartáveis","Lash Designer","Colas e Adesivos","MEDIA","AUTO_APROVADO","Nome contém sinais fortes de adesivo/cola para lash."
"741047485","Anel para cola - flor - 10","Acesssórios e descartáveis","Lash Designer","Colas e Adesivos","MEDIA","AUTO_APROVADO","Nome contém sinais fortes de adesivo/cola para lash."
"741047495","Anel para cola - flor - 100","Acesssórios e descartáveis","Lash Designer","Colas e Adesivos","MEDIA","AUTO_APROVADO","Nome contém sinais fortes de adesivo/cola para lash."
"741047490","Anel para cola - flor - 50","Acesssórios e descartáveis","Lash Designer","Colas e Adesivos","MEDIA","AUTO_APROVADO","Nome contém sinais fortes de adesivo/cola para lash."
"741048848","Anel para cola - formato coraçao","Lash Designer >> Acesssórios e descartáveis","Lash Designer","Colas e Adesivos","ALTA","AUTO_APROVADO","Categoria Tiny já pertence à árvore Lash Designer."
"741048855","Anel para cola - formato coraçao - 10","Lash Designer >> Acesssórios e descartáveis","Lash Designer","Colas e Adesivos","ALTA","AUTO_APROVADO","Categoria Tiny já pertence à árvore Lash Designer."
"805090592","Anel para cola - formato coraçao - 100","Lash Designer >> Acesssórios e descartáveis","Lash Designer","Colas e Adesivos","ALTA","AUTO_APROVADO","Categoria Tiny já pertence à árvore Lash Designer."
"741048860","Anel para cola - formato coraçao - 50","Lash Designer >> Acesssórios e descartáveis","Lash Designer","Colas e Adesivos","ALTA","AUTO_APROVADO","Categoria Tiny já pertence à árvore Lash Designer."
"738050894","AQUA PRIMER CHERRY LASH","Cherry","Lash Designer","Cílios","MEDIA","AUTO_APROVADO","Nome contém sinais fortes de produto para extensão de cílios."
"738050939","ASPIRADOR PÓ COLETOR DE UNHAS PROFISSIONAL NAIL DUST","NAIL DESIGNER","Nail Designer","Nail Designer","ALTA","AUTO_APROVADO","Categoria Tiny já pertence à árvore Nail Designer."
"738050963","Base De Esmalte Em Gel - Linha Light 8ml - Real Love","NAIL DESIGNER >> Real Love","Nail Designer","Nail Designer","ALTA","AUTO_APROVADO","Categoria Tiny já pertence à árvore Nail Designer."
"738051026","Base Estrutural Natural Pink 11ml - Bluwe","NAIL DESIGNER >> BLUWE","Nail Designer","Nail Designer","ALTA","AUTO_APROVADO","Categoria Tiny já pertence à árvore Nail Designer."
"738051031","Bico para cola de extensão de cílios 10 unidades","Acesssórios e descartáveis","Lash Designer","Cílios","MEDIA","AUTO_APROVADO","Nome contém sinais fortes de produto para extensão de cílios."
"801510681","boneca treino","(SEM CATEGORIA)","Revisar","Revisar","BAIXA","REVISAR_MANUALMENTE","Sem sinal suficiente para classificar automaticamente sem risco."
"738051042","Broca bastao fina Tungstenio","NAIL DESIGNER","Nail Designer","Nail Designer","ALTA","AUTO_APROVADO","Categoria Tiny já pertence à árvore Nail Designer."
"738051055","Broca ceramica ponta fina - Real Love","NAIL DESIGNER","Nail Designer","Nail Designer","ALTA","AUTO_APROVADO","Categoria Tiny já pertence à árvore Nail Designer."
"738051070","Broca de Diamante Ultradiamond American Burrs Nails – Nº PM720-N","NAIL DESIGNER","Nail Designer","Nail Designer","ALTA","AUTO_APROVADO","Categoria Tiny já pertence à árvore Nail Designer."
"738051080","BROCA TUGSTENIO PONTA DUPLA","NAIL DESIGNER","Nail Designer","Nail Designer","ALTA","AUTO_APROVADO","Categoria Tiny já pertence à árvore Nail Designer."
"806075108","Bruma Cherry - para extensão de cílios","Lash Designer >> Cherry","Lash Designer","Cílios","ALTA","AUTO_APROVADO","Categoria Tiny já pertence à árvore Lash Designer."
"804885674","Bruma Cherry Lash","Lash Designer >> Cherry","Lash Designer","Acessórios","ALTA","AUTO_APROVADO","Categoria Tiny já pertence à árvore Lash Designer."
"738051110","Bruma navina","Removedores","Lash Designer","Removedores","MEDIA","AUTO_APROVADO","Nome indica removedor."
"738051149","Cabine Led/UV SUN 5 - 48w BRANCA","NAIL DESIGNER >> Cabines","Nail Designer","Nail Designer","ALTA","AUTO_APROVADO","Categoria Tiny já pertence à árvore Nail Designer."
"738051186","Cabine Led/UV SUN 5 - 48w ROSA","NAIL DESIGNER >> Cabines","Nail Designer","Nail Designer","ALTA","AUTO_APROVADO","Categoria Tiny já pertence à árvore Nail Designer."
"738051208","Caneta em Gel branca","Lash Designer >> Acesssórios e descartáveis","Lash Designer","Acessórios","ALTA","AUTO_APROVADO","Categoria Tiny já pertence à árvore Lash Designer."
"738051217","Caneta marcação duas pontas fina/grossa","Lash Designer >> Acesssórios e descartáveis","Lash Designer","Acessórios","ALTA","AUTO_APROVADO","Categoria Tiny já pertence à árvore Lash Designer."
"738051252","Caneta Óleo Hidratante de Cutículas Unhas ZEM","NAIL DESIGNER","Nail Designer","Nail Designer","ALTA","AUTO_APROVADO","Categoria Tiny já pertence à árvore Nail Designer."
"738051299","Capa Base Flex Natural Pink 11ml - Bluwe","NAIL DESIGNER >> BLUWE","Nail Designer","Nail Designer","ALTA","AUTO_APROVADO","Categoria Tiny já pertence à árvore Nail Designer."
"738051323","Capa Base Flex Super Clear 11ml - Bluwe","NAIL DESIGNER >> BLUWE","Nail Designer","Nail Designer","ALTA","AUTO_APROVADO","Categoria Tiny já pertence à árvore Nail Designer."
"738051343","Cera Brow Frozen Fixadora de Sobrancelhas 15g","Sobrancelha >> Menela","Sobrancelhas","Sobrancelhas","ALTA","AUTO_APROVADO","Categoria Tiny já pertence à árvore Sobrancelha."
"806077341","Cherry Lash Aqua Primer","(SEM CATEGORIA)","Lash Designer","Cílios","MEDIA","AUTO_APROVADO","Nome contém sinais fortes de produto para extensão de cílios."
"803643763","Cilios  5D  curvatura C  -  Fadvan MIX","Lash Designer >> Fadvan","Lash Designer","Cílios","ALTA","AUTO_APROVADO","Categoria Tiny já pertence à árvore Lash Designer."
"738051559","Cilios  5D  curvatura M -  Fadvan","Lash Designer >> Fadvan","Lash Designer","Cílios","ALTA","AUTO_APROVADO","Categoria Tiny já pertence à árvore Lash Designer."
"805217395","Cilios  5D  curvatura M -  Fadvan - 10mm","Lash Designer >> Fadvan","Lash Designer","Cílios","ALTA","AUTO_APROVADO","Categoria Tiny já pertence à árvore Lash Designer."
"805217398","Cilios  5D  curvatura M -  Fadvan - 11mm","Lash Designer >> Fadvan","Lash Designer","Cílios","ALTA","AUTO_APROVADO","Categoria Tiny já pertence à árvore Lash Designer."
"805217402","Cilios  5D  curvatura M -  Fadvan - 12mm","Lash Designer >> Fadvan","Lash Designer","Cílios","ALTA","AUTO_APROVADO","Categoria Tiny já pertence à árvore Lash Designer."
"805217392","Cilios  5D  curvatura M -  Fadvan - 8mm","Lash Designer >> Fadvan","Lash Designer","Cílios","ALTA","AUTO_APROVADO","Categoria Tiny já pertence à árvore Lash Designer."
"810419345","Cilios  5D  curvatura M -  Fadvan - Mix 8-12","Lash Designer >> Fadvan","Lash Designer","Cílios","ALTA","AUTO_APROVADO","Categoria Tiny já pertence à árvore Lash Designer."
"810419348","Cilios  5D  curvatura M -  Fadvan - Mix 8-14","Lash Designer >> Fadvan","Lash Designer","Cílios","ALTA","AUTO_APROVADO","Categoria Tiny já pertence à árvore Lash Designer."
"761124487","Cílios  U  Y Fadvan  curvatura D","(SEM CATEGORIA)","Lash Designer","Cílios","MEDIA","AUTO_APROVADO","Nome contém sinais fortes de produto para extensão de cílios."
"738051635","Cílios  Y  Marrom  Fadvan  - volume brasileiro","Lash Designer >> Fadvan","Lash Designer","Cílios","ALTA","AUTO_APROVADO","Categoria Tiny já pertence à árvore Lash Designer."
"804848609","Cílios  Y  Marrom  Fadvan  - volume brasileiro - 10mm","Lash Designer >> Fadvan","Lash Designer","Cílios","ALTA","AUTO_APROVADO","Categoria Tiny já pertence à árvore Lash Designer."
"804848612","Cílios  Y  Marrom  Fadvan  - volume brasileiro - 11mm","Lash Designer >> Fadvan","Lash Designer","Cílios","ALTA","AUTO_APROVADO","Categoria Tiny já pertence à árvore Lash Designer."
"804848615","Cílios  Y  Marrom  Fadvan  - volume brasileiro - 12mm","Lash Designer >> Fadvan","Lash Designer","Cílios","ALTA","AUTO_APROVADO","Categoria Tiny já pertence à árvore Lash Designer."
"804848606","Cílios  Y  Marrom  Fadvan  - volume brasileiro - 9mm","Lash Designer >> Fadvan","Lash Designer","Cílios","ALTA","AUTO_APROVADO","Categoria Tiny já pertence à árvore Lash Designer."
"803625147","Cílios  Y  Marrom  Fadvan  - volume brasileiro - Mix 8-12","Lash Designer >> Fadvan","Lash Designer","Cílios","ALTA","AUTO_APROVADO","Categoria Tiny já pertence à árvore Lash Designer."
"803625150","Cílios  Y  Marrom  Fadvan  - volume brasileiro - Mix 8-14","Lash Designer >> Fadvan","Lash Designer","Cílios","ALTA","AUTO_APROVADO","Categoria Tiny já pertence à árvore Lash Designer."
"738051384","Cílios 3D decemars","Lash Designer >> Decemars","Lash Designer","Cílios","ALTA","AUTO_APROVADO","Categoria Tiny já pertence à árvore Lash Designer."
"741044830","Cílios 3D fadvan - 3D W - 10mm","Lash Designer >> Fadvan","Lash Designer","Cílios","ALTA","AUTO_APROVADO","Categoria Tiny já pertence à árvore Lash Designer."
"741044834","Cílios 3D fadvan - 3D W - 11mm","Lash Designer >> Fadvan","Lash Designer","Cílios","ALTA","AUTO_APROVADO","Categoria Tiny já pertence à árvore Lash Designer."
"741044838","Cílios 3D fadvan - 3D W - 12mm","Lash Designer >> Fadvan","Lash Designer","Cílios","ALTA","AUTO_APROVADO","Categoria Tiny já pertence à árvore Lash Designer."
"741044842","Cílios 3D fadvan - 3D W - 13mm","Lash Designer >> Fadvan","Lash Designer","Cílios","ALTA","AUTO_APROVADO","Categoria Tiny já pertence à árvore Lash Designer."
"741044846","Cílios 3D fadvan - 3D W - 14mm","Lash Designer >> Fadvan","Lash Designer","Cílios","ALTA","AUTO_APROVADO","Categoria Tiny já pertence à árvore Lash Designer."
"741044822","Cílios 3D fadvan - 3D W - 8mm","Lash Designer >> Fadvan","Lash Designer","Cílios","ALTA","AUTO_APROVADO","Categoria Tiny já pertence à árvore Lash Designer."
"741044826","Cílios 3D fadvan - 3D W - 9mm","Lash Designer >> Fadvan","Lash Designer","Cílios","ALTA","AUTO_APROVADO","Categoria Tiny já pertence à árvore Lash Designer."
"741044850","Cílios 3D fadvan - 3D W - Mix 8-14","Lash Designer >> Fadvan","Lash Designer","Cílios","ALTA","AUTO_APROVADO","Categoria Tiny já pertence à árvore Lash Designer."
"741044707","Cílios 4D  Decemars- 4D w","Lash Designer >> Decemars","Lash Designer","Cílios","ALTA","AUTO_APROVADO","Categoria Tiny já pertence à árvore Lash Designer."
"741044780","Cílios 4D  Decemars- 4D w - 10mm","Lash Designer >> Decemars","Lash Designer","Cílios","ALTA","AUTO_APROVADO","Categoria Tiny já pertence à árvore Lash Designer."
"741044776","Cílios 4D  Decemars- 4D w - 11mm","Lash Designer >> Decemars","Lash Designer","Cílios","ALTA","AUTO_APROVADO","Categoria Tiny já pertence à árvore Lash Designer."
"741044772","Cílios 4D  Decemars- 4D w - 12mm","Lash Designer >> Decemars","Lash Designer","Cílios","ALTA","AUTO_APROVADO","Categoria Tiny já pertence à árvore Lash Designer."
"741044768","Cílios 4D  Decemars- 4D w - 13mm","Lash Designer >> Decemars","Lash Designer","Cílios","ALTA","AUTO_APROVADO","Categoria Tiny já pertence à árvore Lash Designer."
"741044764","Cílios 4D  Decemars- 4D w - 14mm","Lash Designer >> Decemars","Lash Designer","Cílios","ALTA","AUTO_APROVADO","Categoria Tiny já pertence à árvore Lash Designer."
"741044760","Cílios 4D  Decemars- 4D w - 15mm","Lash Designer >> Decemars","Lash Designer","Cílios","ALTA","AUTO_APROVADO","Categoria Tiny já pertence à árvore Lash Designer."
"741044788","Cílios 4D  Decemars- 4D w - 8mm","Lash Designer >> Decemars","Lash Designer","Cílios","ALTA","AUTO_APROVADO","Categoria Tiny já pertence à árvore Lash Designer."
"741044784","Cílios 4D  Decemars- 4D w - 9mm","Lash Designer >> Decemars","Lash Designer","Cílios","ALTA","AUTO_APROVADO","Categoria Tiny já pertence à árvore Lash Designer."
"741044792","Cílios 4D  Decemars- 4D w - Mix 8-14","Lash Designer >> Decemars","Lash Designer","Cílios","ALTA","AUTO_APROVADO","Categoria Tiny já pertence à árvore Lash Designer."
"738051438","Cílios 4D  Marrom - Decemars","Lash Designer >> Decemars","Lash Designer","Cílios","ALTA","AUTO_APROVADO","Categoria Tiny já pertence à árvore Lash Designer."
"738051426","Cílios 4D curvatura M - Fadvan","Lash Designer >> Fadvan","Lash Designer","Cílios","ALTA","AUTO_APROVADO","Categoria Tiny já pertence à árvore Lash Designer."
"806076360","Cílios 4D curvatura M - Fadvan - Mix 7-12","Lash Designer >> Fadvan","Lash Designer","Cílios","ALTA","AUTO_APROVADO","Categoria Tiny já pertence à árvore Lash Designer."
"806076352","Cílios 4D curvatura M - Fadvan - Mix 8-12","Lash Designer >> Fadvan","Lash Designer","Cílios","ALTA","AUTO_APROVADO","Categoria Tiny já pertence à árvore Lash Designer."
"806076356","Cílios 4D curvatura M - Fadvan - Mix 8-14","Lash Designer >> Fadvan","Lash Designer","Cílios","ALTA","AUTO_APROVADO","Categoria Tiny já pertence à árvore Lash Designer."
"738051758","Cilios 4D curvatura M - Maria sasha","Lash Designer >> Maria Sasha","Lash Designer","Cílios","ALTA","AUTO_APROVADO","Categoria Tiny já pertence à árvore Lash Designer."
"803627538","Cilios 4D Curvatura M - Maria Sasha  - 11mm","Lash Designer >> Maria Sasha","Lash Designer","Cílios","ALTA","AUTO_APROVADO","Categoria Tiny já pertence à árvore Lash Designer."
"803627541","Cilios 4D Curvatura M - Maria Sasha  - 12mm","Lash Designer >> Maria Sasha","Lash Designer","Cílios","ALTA","AUTO_APROVADO","Categoria Tiny já pertence à árvore Lash Designer."
"803627544","Cilios 4D Curvatura M - Maria Sasha  - 13mm","Lash Designer >> Maria Sasha","Lash Designer","Cílios","ALTA","AUTO_APROVADO","Categoria Tiny já pertence à árvore Lash Designer."
"803627547","Cilios 4D Curvatura M - Maria Sasha  - 7mm","Lash Designer >> Maria Sasha","Lash Designer","Cílios","ALTA","AUTO_APROVADO","Categoria Tiny já pertence à árvore Lash Designer."
"803627550","Cilios 4D Curvatura M - Maria Sasha  - Mix 7-12","Lash Designer >> Maria Sasha","Lash Designer","Cílios","ALTA","AUTO_APROVADO","Categoria Tiny já pertence à árvore Lash Designer."
"741047544","Cilios 4D curvatura M - Maria sasha - 10mm","Lash Designer >> Maria Sasha","Lash Designer","Cílios","ALTA","AUTO_APROVADO","Categoria Tiny já pertence à árvore Lash Designer."
"806076192","Cilios 4D curvatura M - Maria sasha - 11mm","Lash Designer >> Maria Sasha","Lash Designer","Cílios","ALTA","AUTO_APROVADO","Categoria Tiny já pertence à árvore Lash Designer."
"806076197","Cilios 4D curvatura M - Maria sasha - 12mm","Lash Designer >> Maria Sasha","Lash Designer","Cílios","ALTA","AUTO_APROVADO","Categoria Tiny já pertence à árvore Lash Designer."
"806076203","Cilios 4D curvatura M - Maria sasha - 7mm","Lash Designer >> Maria Sasha","Lash Designer","Cílios","ALTA","AUTO_APROVADO","Categoria Tiny já pertence à árvore Lash Designer."
"741047534","Cilios 4D curvatura M - Maria sasha - 8mm","Lash Designer >> Maria Sasha","Lash Designer","Cílios","ALTA","AUTO_APROVADO","Categoria Tiny já pertence à árvore Lash Designer."
"741047539","Cilios 4D curvatura M - Maria sasha - 9mm","Lash Designer >> Maria Sasha","Lash Designer","Cílios","ALTA","AUTO_APROVADO","Categoria Tiny já pertence à árvore Lash Designer."
"806076185","Cilios 4D curvatura M - Maria sasha - Mix 7-12","Lash Designer >> Maria Sasha","Lash Designer","Cílios","ALTA","AUTO_APROVADO","Categoria Tiny já pertence à árvore Lash Designer."
"738051803","Cilios 4D curvatura M - Maria sasha - Mix 8-12","Lash Designer >> Maria Sasha","Lash Designer","Cílios","ALTA","AUTO_APROVADO","Categoria Tiny já pertence à árvore Lash Designer."
"741047552","Cilios 4D curvatura M - Maria sasha - Mix 8-14","Lash Designer >> Maria Sasha","Lash Designer","Cílios","ALTA","AUTO_APROVADO","Categoria Tiny já pertence à árvore Lash Designer."
"806076384","Cílios 4D W Marrom - Decemars","Lash Designer >> Decemars","Lash Designer","Cílios","ALTA","AUTO_APROVADO","Categoria Tiny já pertence à árvore Lash Designer."
"741044577","Cílios 5d  Decemars - 5D w","Lash Designer >> Decemars","Lash Designer","Cílios","ALTA","AUTO_APROVADO","Categoria Tiny já pertence à árvore Lash Designer."
"741044601","Cílios 5d  Decemars - 5D w - 10mm","Lash Designer >> Decemars","Lash Designer","Cílios","ALTA","AUTO_APROVADO","Categoria Tiny já pertence à árvore Lash Designer."
"741044605","Cílios 5d  Decemars - 5D w - 11mm","Lash Designer >> Decemars","Lash Designer","Cílios","ALTA","AUTO_APROVADO","Categoria Tiny já pertence à árvore Lash Designer."
"741044611","Cílios 5d  Decemars - 5D w - 12mm","Lash Designer >> Decemars","Lash Designer","Cílios","ALTA","AUTO_APROVADO","Categoria Tiny já pertence à árvore Lash Designer."
"741044615","Cílios 5d  Decemars - 5D w - 13mm","Lash Designer >> Decemars","Lash Designer","Cílios","ALTA","AUTO_APROVADO","Categoria Tiny já pertence à árvore Lash Designer."
"741044619","Cílios 5d  Decemars - 5D w - 14mm","Lash Designer >> Decemars","Lash Designer","Cílios","ALTA","AUTO_APROVADO","Categoria Tiny já pertence à árvore Lash Designer."
"741044593","Cílios 5d  Decemars - 5D w - 8mm","Lash Designer >> Decemars","Lash Designer","Cílios","ALTA","AUTO_APROVADO","Categoria Tiny já pertence à árvore Lash Designer."
"741044597","Cílios 5d  Decemars - 5D w - 9mm","Lash Designer >> Decemars","Lash Designer","Cílios","ALTA","AUTO_APROVADO","Categoria Tiny já pertence à árvore Lash Designer."
"741044627","Cílios 5d  Decemars - 5D w - Mix 8-12","Lash Designer >> Decemars","Lash Designer","Cílios","ALTA","AUTO_APROVADO","Categoria Tiny já pertence à árvore Lash Designer."
"741044623","Cílios 5d  Decemars - 5D w - Mix 8-14","Lash Designer >> Decemars","Lash Designer","Cílios","ALTA","AUTO_APROVADO","Categoria Tiny já pertence à árvore Lash Designer."
"766411795","Cílios 5D  Fadvan curvatura D - 5Dw ","Lash Designer >> Fadvan","Lash Designer","Cílios","ALTA","AUTO_APROVADO","Categoria Tiny já pertence à árvore Lash Designer."
"766411816","Cílios 5D  Fadvan curvatura D - 5Dw  - 10mm","Lash Designer >> Fadvan","Lash Designer","Cílios","ALTA","AUTO_APROVADO","Categoria Tiny já pertence à árvore Lash Designer."
"766411819","Cílios 5D  Fadvan curvatura D - 5Dw  - 11mm","Lash Designer >> Fadvan","Lash Designer","Cílios","ALTA","AUTO_APROVADO","Categoria Tiny já pertence à árvore Lash Designer."
"766411822","Cílios 5D  Fadvan curvatura D - 5Dw  - 12mm","Lash Designer >> Fadvan","Lash Designer","Cílios","ALTA","AUTO_APROVADO","Categoria Tiny já pertence à árvore Lash Designer."
"766411825","Cílios 5D  Fadvan curvatura D - 5Dw  - 13mm","Lash Designer >> Fadvan","Lash Designer","Cílios","ALTA","AUTO_APROVADO","Categoria Tiny já pertence à árvore Lash Designer."
"766411831","Cílios 5D  Fadvan curvatura D - 5Dw  - 14mm","Lash Designer >> Fadvan","Lash Designer","Cílios","ALTA","AUTO_APROVADO","Categoria Tiny já pertence à árvore Lash Designer."
"766411806","Cílios 5D  Fadvan curvatura D - 5Dw  - 8mm","Lash Designer >> Fadvan","Lash Designer","Cílios","ALTA","AUTO_APROVADO","Categoria Tiny já pertence à árvore Lash Designer."
"766411812","Cílios 5D  Fadvan curvatura D - 5Dw  - 9mm","Lash Designer >> Fadvan","Lash Designer","Cílios","ALTA","AUTO_APROVADO","Categoria Tiny já pertence à árvore Lash Designer."
"766411834","Cílios 5D  Fadvan curvatura D - 5Dw  - Mix 8-12","Lash Designer >> Fadvan","Lash Designer","Cílios","ALTA","AUTO_APROVADO","Categoria Tiny já pertence à árvore Lash Designer."
"766411837","Cílios 5D  Fadvan curvatura D - 5Dw  - Mix 8-14","Lash Designer >> Fadvan","Lash Designer","Cílios","ALTA","AUTO_APROVADO","Categoria Tiny já pertence à árvore Lash Designer."
"738051811","Cílios 5D curvatura M - Maria Sasha","Lash Designer >> Maria Sasha","Lash Designer","Cílios","ALTA","AUTO_APROVADO","Categoria Tiny já pertence à árvore Lash Designer."
"803628712","Cílios 5D curvatura M - Maria Sasha - 10mm","Lash Designer >> Maria Sasha","Lash Designer","Cílios","ALTA","AUTO_APROVADO","Categoria Tiny já pertence à árvore Lash Designer."
"803628715","Cílios 5D curvatura M - Maria Sasha - 11mm","Lash Designer >> Maria Sasha","Lash Designer","Cílios","ALTA","AUTO_APROVADO","Categoria Tiny já pertence à árvore Lash Designer."
"803628719","Cílios 5D curvatura M - Maria Sasha - 12mm","Lash Designer >> Maria Sasha","Lash Designer","Cílios","ALTA","AUTO_APROVADO","Categoria Tiny já pertence à árvore Lash Designer."
"803628722","Cílios 5D curvatura M - Maria Sasha - 13mm","Lash Designer >> Maria Sasha","Lash Designer","Cílios","ALTA","AUTO_APROVADO","Categoria Tiny já pertence à árvore Lash Designer."
"803628700","Cílios 5D curvatura M - Maria Sasha - 6mm","Lash Designer >> Maria Sasha","Lash Designer","Cílios","ALTA","AUTO_APROVADO","Categoria Tiny já pertence à árvore Lash Designer."
"803628703","Cílios 5D curvatura M - Maria Sasha - 7mm","Lash Designer >> Maria Sasha","Lash Designer","Cílios","ALTA","AUTO_APROVADO","Categoria Tiny já pertence à árvore Lash Designer."
"803628706","Cílios 5D curvatura M - Maria Sasha - 8mm","Lash Designer >> Maria Sasha","Lash Designer","Cílios","ALTA","AUTO_APROVADO","Categoria Tiny já pertence à árvore Lash Designer."
"803628709","Cílios 5D curvatura M - Maria Sasha - 9mm","Lash Designer >> Maria Sasha","Lash Designer","Cílios","ALTA","AUTO_APROVADO","Categoria Tiny já pertence à árvore Lash Designer."
"803628726","Cílios 5D curvatura M - Maria Sasha - Mix 7-12","Lash Designer >> Maria Sasha","Lash Designer","Cílios","ALTA","AUTO_APROVADO","Categoria Tiny já pertence à árvore Lash Designer."
"803628731","Cílios 5D curvatura M - Maria Sasha - Mix 8-12","Lash Designer >> Maria Sasha","Lash Designer","Cílios","ALTA","AUTO_APROVADO","Categoria Tiny já pertence à árvore Lash Designer."
"803628735","Cílios 5D curvatura M - Maria Sasha - Mix 8-14","Lash Designer >> Maria Sasha","Lash Designer","Cílios","ALTA","AUTO_APROVADO","Categoria Tiny já pertence à árvore Lash Designer."
"806077272","Cílios 5D curvatura M - Marrom - Maria Sasha","Lash Designer >> Maria Sasha","Lash Designer","Cílios","ALTA","AUTO_APROVADO","Categoria Tiny já pertence à árvore Lash Designer."
"806077280","Cílios 5D curvatura M - Marrom - Maria Sasha - Mix 7-12","Lash Designer >> Maria Sasha","Lash Designer","Cílios","ALTA","AUTO_APROVADO","Categoria Tiny já pertence à árvore Lash Designer."
"738051571","Cílios 6D  Fadvan - 3D duplo","Lash Designer >> Fadvan","Lash Designer","Cílios","ALTA","AUTO_APROVADO","Categoria Tiny já pertence à árvore Lash Designer."
"803608828","Cílios 6D  Fadvan - 3D duplo - 10","Lash Designer >> Fadvan","Lash Designer","Cílios","ALTA","AUTO_APROVADO","Categoria Tiny já pertence à árvore Lash Designer."
"803608831","Cílios 6D  Fadvan - 3D duplo - 11","Lash Designer >> Fadvan","Lash Designer","Cílios","ALTA","AUTO_APROVADO","Categoria Tiny já pertence à árvore Lash Designer."
"803608834","Cílios 6D  Fadvan - 3D duplo - 12","Lash Designer >> Fadvan","Lash Designer","Cílios","ALTA","AUTO_APROVADO","Categoria Tiny já pertence à árvore Lash Designer."
"803608837","Cílios 6D  Fadvan - 3D duplo - 13","Lash Designer >> Fadvan","Lash Designer","Cílios","ALTA","AUTO_APROVADO","Categoria Tiny já pertence à árvore Lash Designer."
"803608840","Cílios 6D  Fadvan - 3D duplo - 14","Lash Designer >> Fadvan","Lash Designer","Cílios","ALTA","AUTO_APROVADO","Categoria Tiny já pertence à árvore Lash Designer."
"803608822","Cílios 6D  Fadvan - 3D duplo - 8mm","Lash Designer >> Fadvan","Lash Designer","Cílios","ALTA","AUTO_APROVADO","Categoria Tiny já pertence à árvore Lash Designer."
"803608825","Cílios 6D  Fadvan - 3D duplo - 9","Lash Designer >> Fadvan","Lash Designer","Cílios","ALTA","AUTO_APROVADO","Categoria Tiny já pertence à árvore Lash Designer."
"803608843","Cílios 6D  Fadvan - 3D duplo - Mix 8-12","Lash Designer >> Fadvan","Lash Designer","Cílios","ALTA","AUTO_APROVADO","Categoria Tiny já pertence à árvore Lash Designer."
"803608846","Cílios 6D  Fadvan - 3D duplo - Mix 8-14","Lash Designer >> Fadvan","Lash Designer","Cílios","ALTA","AUTO_APROVADO","Categoria Tiny já pertence à árvore Lash Designer."
"741048739","Cílios 6D - W Real - Fio aberto","Lash Designer >> Fadvan","Lash Designer","Cílios","ALTA","AUTO_APROVADO","Categoria Tiny já pertence à árvore Lash Designer."
"738051453","Cílios 6D - W Real - Fio aberto - Mix 8-14","Lash Designer >> Fadvan","Lash Designer","Cílios","ALTA","AUTO_APROVADO","Categoria Tiny já pertence à árvore Lash Designer."
"741044506","Cílios 6D decemars","Lash Designer >> Decemars","Lash Designer","Cílios","ALTA","AUTO_APROVADO","Categoria Tiny já pertence à árvore Lash Designer."
"738051457","Cílios 6D decemars - 10mm","Lash Designer >> Decemars","Lash Designer","Cílios","ALTA","AUTO_APROVADO","Categoria Tiny já pertence à árvore Lash Designer."
"738051463","Cílios 6D decemars - 11mm","Lash Designer >> Decemars","Lash Designer","Cílios","ALTA","AUTO_APROVADO","Categoria Tiny já pertence à árvore Lash Designer."
"738051466","Cílios 6D decemars - 12mm","Lash Designer >> Decemars","Lash Designer","Cílios","ALTA","AUTO_APROVADO","Categoria Tiny já pertence à árvore Lash Designer."
"741044558","Cílios 6D decemars - 13mm","Lash Designer >> Decemars","Lash Designer","Cílios","ALTA","AUTO_APROVADO","Categoria Tiny já pertence à árvore Lash Designer."
"741044563","Cílios 6D decemars - 14mm","Lash Designer >> Decemars","Lash Designer","Cílios","ALTA","AUTO_APROVADO","Categoria Tiny já pertence à árvore Lash Designer."
"741044539","Cílios 6D decemars - 8mm","Lash Designer >> Decemars","Lash Designer","Cílios","ALTA","AUTO_APROVADO","Categoria Tiny já pertence à árvore Lash Designer."
"741044544","Cílios 6D decemars - 9mm","Lash Designer >> Decemars","Lash Designer","Cílios","ALTA","AUTO_APROVADO","Categoria Tiny já pertence à árvore Lash Designer."
"741044568","Cílios 6D decemars - Mix 8-12","Lash Designer >> Decemars","Lash Designer","Cílios","ALTA","AUTO_APROVADO","Categoria Tiny já pertence à árvore Lash Designer."
"738051471","Cílios 6D decemars - Mix 8-14","Lash Designer >> Decemars","Lash Designer","Cílios","ALTA","AUTO_APROVADO","Categoria Tiny já pertence à árvore Lash Designer."
"738051590","Cilios 8D  Fadvan- (4D duplo)","Fadvan","Lash Designer","Cílios","MEDIA","AUTO_APROVADO","Nome contém sinais fortes de produto para extensão de cílios."
"803620148","Cilios 8D  Fadvan- (4D duplo) - Mix 8-12","Fadvan","Lash Designer","Cílios","MEDIA","AUTO_APROVADO","Nome contém sinais fortes de produto para extensão de cílios."
"803620151","Cilios 8D  Fadvan- (4D duplo) - Mix 8-14","Fadvan","Lash Designer","Cílios","MEDIA","AUTO_APROVADO","Nome contém sinais fortes de produto para extensão de cílios."
"803850257","Cilios 8D  real  fio aberto - Fadvan","(SEM CATEGORIA)","Lash Designer","Cílios","MEDIA","AUTO_APROVADO","Nome contém sinais fortes de produto para extensão de cílios."
"806075214","Cílios Decemars - 5D W","Lash Designer >> Decemars","Lash Designer","Cílios","ALTA","AUTO_APROVADO","Categoria Tiny já pertence à árvore Lash Designer."
"806075241","Cílios Decemars - 5D W - 10mm","Lash Designer >> Decemars","Lash Designer","Cílios","ALTA","AUTO_APROVADO","Categoria Tiny já pertence à árvore Lash Designer."
"806075245","Cílios Decemars - 5D W - 11mm","Lash Designer >> Decemars","Lash Designer","Cílios","ALTA","AUTO_APROVADO","Categoria Tiny já pertence à árvore Lash Designer."
"806075249","Cílios Decemars - 5D W - 12mm","Lash Designer >> Decemars","Lash Designer","Cílios","ALTA","AUTO_APROVADO","Categoria Tiny já pertence à árvore Lash Designer."
"806075254","Cílios Decemars - 5D W - 13mm","Lash Designer >> Decemars","Lash Designer","Cílios","ALTA","AUTO_APROVADO","Categoria Tiny já pertence à árvore Lash Designer."
"806075258","Cílios Decemars - 5D W - 14mm","Lash Designer >> Decemars","Lash Designer","Cílios","ALTA","AUTO_APROVADO","Categoria Tiny já pertence à árvore Lash Designer."
"806075233","Cílios Decemars - 5D W - 8mm","Lash Designer >> Decemars","Lash Designer","Cílios","ALTA","AUTO_APROVADO","Categoria Tiny já pertence à árvore Lash Designer."
"806075237","Cílios Decemars - 5D W - 9mm","Lash Designer >> Decemars","Lash Designer","Cílios","ALTA","AUTO_APROVADO","Categoria Tiny já pertence à árvore Lash Designer."
"741048518","Cílios Decemars - 5D W - Marrom","Lash Designer >> Decemars","Lash Designer","Cílios","ALTA","AUTO_APROVADO","Categoria Tiny já pertence à árvore Lash Designer."
"741048526","Cílios Decemars - 5D W - Marrom - Mix 8-14","Lash Designer >> Decemars","Lash Designer","Cílios","ALTA","AUTO_APROVADO","Categoria Tiny já pertence à árvore Lash Designer."
"806075266","Cílios Decemars - 5D W - Mix 8-12","Lash Designer >> Decemars","Lash Designer","Cílios","ALTA","AUTO_APROVADO","Categoria Tiny já pertence à árvore Lash Designer."
"806075262","Cílios Decemars - 5D W - Mix 8-14","Lash Designer >> Decemars","Lash Designer","Cílios","ALTA","AUTO_APROVADO","Categoria Tiny já pertence à árvore Lash Designer."
"738051476","Cílios DeceMars 6D - Fio Aberto Volume Egípcio","Decemars","Lash Designer","Cílios","MEDIA","AUTO_APROVADO","Nome contém sinais fortes de produto para extensão de cílios."
"806075270","Cílios Decemars Marrom - Volume Brasileiro Y Espessura 0.07mm","Lash Designer >> Decemars","Lash Designer","Cílios","ALTA","AUTO_APROVADO","Categoria Tiny já pertence à árvore Lash Designer."
"741044634","Cílios Decemars Y volume brasileiro","Lash Designer >> Decemars","Lash Designer","Cílios","ALTA","AUTO_APROVADO","Categoria Tiny já pertence à árvore Lash Designer."
"806075308","Cílios Decemars Y volume brasileiro - 10mm","Lash Designer >> Decemars","Lash Designer","Cílios","ALTA","AUTO_APROVADO","Categoria Tiny já pertence à árvore Lash Designer."
"806075320","Cílios Decemars Y volume brasileiro - 11mm","Lash Designer >> Decemars","Lash Designer","Cílios","ALTA","AUTO_APROVADO","Categoria Tiny já pertence à árvore Lash Designer."
"806075327","Cílios Decemars Y volume brasileiro - 12mm","Lash Designer >> Decemars","Lash Designer","Cílios","ALTA","AUTO_APROVADO","Categoria Tiny já pertence à árvore Lash Designer."
"806075335","Cílios Decemars Y volume brasileiro - 13mm","Lash Designer >> Decemars","Lash Designer","Cílios","ALTA","AUTO_APROVADO","Categoria Tiny já pertence à árvore Lash Designer."
"806075340","Cílios Decemars Y volume brasileiro - 14mm","Lash Designer >> Decemars","Lash Designer","Cílios","ALTA","AUTO_APROVADO","Categoria Tiny já pertence à árvore Lash Designer."
"806075287","Cílios Decemars Y volume brasileiro - 8mm","Lash Designer >> Decemars","Lash Designer","Cílios","ALTA","AUTO_APROVADO","Categoria Tiny já pertence à árvore Lash Designer."
"806075298","Cílios Decemars Y volume brasileiro - 9mm","Lash Designer >> Decemars","Lash Designer","Cílios","ALTA","AUTO_APROVADO","Categoria Tiny já pertence à árvore Lash Designer."
"806075347","Cílios Decemars Y volume brasileiro - Mix 8-12","Lash Designer >> Decemars","Lash Designer","Cílios","ALTA","AUTO_APROVADO","Categoria Tiny já pertence à árvore Lash Designer."
"806075354","Cílios Decemars Y volume brasileiro - Mix 8-14","Lash Designer >> Decemars","Lash Designer","Cílios","ALTA","AUTO_APROVADO","Categoria Tiny já pertence à árvore Lash Designer."
"806075359","Cílios Decemars- 4D w","Lash Designer >> Decemars","Lash Designer","Cílios","ALTA","AUTO_APROVADO","Categoria Tiny já pertence à árvore Lash Designer."
"806075414","Cílios Decemars- 4D w - 10mm","Lash Designer >> Decemars","Lash Designer","Cílios","ALTA","AUTO_APROVADO","Categoria Tiny já pertence à árvore Lash Designer."
"806075409","Cílios Decemars- 4D w - 11mm","Lash Designer >> Decemars","Lash Designer","Cílios","ALTA","AUTO_APROVADO","Categoria Tiny já pertence à árvore Lash Designer."
"806075402","Cílios Decemars- 4D w - 12mm","Lash Designer >> Decemars","Lash Designer","Cílios","ALTA","AUTO_APROVADO","Categoria Tiny já pertence à árvore Lash Designer."
"806075398","Cílios Decemars- 4D w - 13mm","Lash Designer >> Decemars","Lash Designer","Cílios","ALTA","AUTO_APROVADO","Categoria Tiny já pertence à árvore Lash Designer."
"806075394","Cílios Decemars- 4D w - 14mm","Lash Designer >> Decemars","Lash Designer","Cílios","ALTA","AUTO_APROVADO","Categoria Tiny já pertence à árvore Lash Designer."
"806075390","Cílios Decemars- 4D w - 15mm","Lash Designer >> Decemars","Lash Designer","Cílios","ALTA","AUTO_APROVADO","Categoria Tiny já pertence à árvore Lash Designer."
"806075423","Cílios Decemars- 4D w - 8mm","Lash Designer >> Decemars","Lash Designer","Cílios","ALTA","AUTO_APROVADO","Categoria Tiny já pertence à árvore Lash Designer."
"806075418","Cílios Decemars- 4D w - 9mm","Lash Designer >> Decemars","Lash Designer","Cílios","ALTA","AUTO_APROVADO","Categoria Tiny já pertence à árvore Lash Designer."
"806075431","Cílios Decemars- 4D w - Mix 8-12","Lash Designer >> Decemars","Lash Designer","Cílios","ALTA","AUTO_APROVADO","Categoria Tiny já pertence à árvore Lash Designer."
"806075427","Cílios Decemars- 4D w - Mix 8-14","Lash Designer >> Decemars","Lash Designer","Cílios","ALTA","AUTO_APROVADO","Categoria Tiny já pertence à árvore Lash Designer."
"741044798","Cílios fadvan 3D W","Lash Designer >> Fadvan","Lash Designer","Cílios","ALTA","AUTO_APROVADO","Categoria Tiny já pertence à árvore Lash Designer."
"806075456","Cílios fadvan 3D W - 10mm","Lash Designer >> Fadvan","Lash Designer","Cílios","ALTA","AUTO_APROVADO","Categoria Tiny já pertence à árvore Lash Designer."
"806075460","Cílios fadvan 3D W - 11mm","Lash Designer >> Fadvan","Lash Designer","Cílios","ALTA","AUTO_APROVADO","Categoria Tiny já pertence à árvore Lash Designer."
"806075464","Cílios fadvan 3D W - 12mm","Lash Designer >> Fadvan","Lash Designer","Cílios","ALTA","AUTO_APROVADO","Categoria Tiny já pertence à árvore Lash Designer."
"806075469","Cílios fadvan 3D W - 13mm","Lash Designer >> Fadvan","Lash Designer","Cílios","ALTA","AUTO_APROVADO","Categoria Tiny já pertence à árvore Lash Designer."
"806075473","Cílios fadvan 3D W - 14mm","Lash Designer >> Fadvan","Lash Designer","Cílios","ALTA","AUTO_APROVADO","Categoria Tiny já pertence à árvore Lash Designer."
"806075448","Cílios fadvan 3D W - 8mm","Lash Designer >> Fadvan","Lash Designer","Cílios","ALTA","AUTO_APROVADO","Categoria Tiny já pertence à árvore Lash Designer."
"806075452","Cílios fadvan 3D W - 9mm","Lash Designer >> Fadvan","Lash Designer","Cílios","ALTA","AUTO_APROVADO","Categoria Tiny já pertence à árvore Lash Designer."
"806075478","Cílios fadvan 3D W - Mix 8-14","Lash Designer >> Fadvan","Lash Designer","Cílios","ALTA","AUTO_APROVADO","Categoria Tiny já pertence à árvore Lash Designer."
"741044854","Cílios Fadvan 4D","Lash Designer >> Fadvan","Lash Designer","Cílios","ALTA","AUTO_APROVADO","Categoria Tiny já pertence à árvore Lash Designer."
"741044876","Cílios Fadvan 4D - 10mm","Lash Designer >> Fadvan","Lash Designer","Cílios","ALTA","AUTO_APROVADO","Categoria Tiny já pertence à árvore Lash Designer."
"741044880","Cílios Fadvan 4D - 11mm","Lash Designer >> Fadvan","Lash Designer","Cílios","ALTA","AUTO_APROVADO","Categoria Tiny já pertence à árvore Lash Designer."
"741044884","Cílios Fadvan 4D - 12mm","Lash Designer >> Fadvan","Lash Designer","Cílios","ALTA","AUTO_APROVADO","Categoria Tiny já pertence à árvore Lash Designer."
"741044888","Cílios Fadvan 4D - 13mm","Lash Designer >> Fadvan","Lash Designer","Cílios","ALTA","AUTO_APROVADO","Categoria Tiny já pertence à árvore Lash Designer."
"741044892","Cílios Fadvan 4D - 14mm","Lash Designer >> Fadvan","Lash Designer","Cílios","ALTA","AUTO_APROVADO","Categoria Tiny já pertence à árvore Lash Designer."
"741044872","Cílios Fadvan 4D - 9mm","Lash Designer >> Fadvan","Lash Designer","Cílios","ALTA","AUTO_APROVADO","Categoria Tiny já pertence à árvore Lash Designer."
"741044868","Cílios Fadvan 4D - Mix 8-12","Lash Designer >> Fadvan","Lash Designer","Cílios","ALTA","AUTO_APROVADO","Categoria Tiny já pertence à árvore Lash Designer."
"741044896","Cílios Fadvan 4D - Mix 8-14","Lash Designer >> Fadvan","Lash Designer","Cílios","ALTA","AUTO_APROVADO","Categoria Tiny já pertence à árvore Lash Designer."
"806075518","Cílios Fadvan 5D","Lash Designer >> Fadvan","Lash Designer","Cílios","ALTA","AUTO_APROVADO","Categoria Tiny já pertence à árvore Lash Designer."
"806075562","Cílios Fadvan 5D - 10mm","Lash Designer >> Fadvan","Lash Designer","Cílios","ALTA","AUTO_APROVADO","Categoria Tiny já pertence à árvore Lash Designer."
"806075566","Cílios Fadvan 5D - 11mm","Lash Designer >> Fadvan","Lash Designer","Cílios","ALTA","AUTO_APROVADO","Categoria Tiny já pertence à árvore Lash Designer."
"806075572","Cílios Fadvan 5D - 12mm","Lash Designer >> Fadvan","Lash Designer","Cílios","ALTA","AUTO_APROVADO","Categoria Tiny já pertence à árvore Lash Designer."
"806075577","Cílios Fadvan 5D - 13mm","Lash Designer >> Fadvan","Lash Designer","Cílios","ALTA","AUTO_APROVADO","Categoria Tiny já pertence à árvore Lash Designer."
"806075583","Cílios Fadvan 5D - 14mm","Lash Designer >> Fadvan","Lash Designer","Cílios","ALTA","AUTO_APROVADO","Categoria Tiny já pertence à árvore Lash Designer."
"806075552","Cílios Fadvan 5D - 8mm","Lash Designer >> Fadvan","Lash Designer","Cílios","ALTA","AUTO_APROVADO","Categoria Tiny já pertence à árvore Lash Designer."
"806075556","Cílios Fadvan 5D - 9mm","Lash Designer >> Fadvan","Lash Designer","Cílios","ALTA","AUTO_APROVADO","Categoria Tiny já pertence à árvore Lash Designer."
"806075593","Cílios Fadvan 5D - Mix 8-12","Lash Designer >> Fadvan","Lash Designer","Cílios","ALTA","AUTO_APROVADO","Categoria Tiny já pertence à árvore Lash Designer."
"806075588","Cílios Fadvan 5D - Mix 8-14","Lash Designer >> Fadvan","Lash Designer","Cílios","ALTA","AUTO_APROVADO","Categoria Tiny já pertence à árvore Lash Designer."
"806075597","Cílios Fadvan 6DW - (3D duplo)","Lash Designer >> Fadvan","Lash Designer","Cílios","ALTA","AUTO_APROVADO","Categoria Tiny já pertence à árvore Lash Designer."
"806075634","Cílios Fadvan 6DW - (3D duplo) - 10mm","Lash Designer >> Fadvan","Lash Designer","Cílios","ALTA","AUTO_APROVADO","Categoria Tiny já pertence à árvore Lash Designer."
"806075638","Cílios Fadvan 6DW - (3D duplo) - 11mm","Lash Designer >> Fadvan","Lash Designer","Cílios","ALTA","AUTO_APROVADO","Categoria Tiny já pertence à árvore Lash Designer."
"806075643","Cílios Fadvan 6DW - (3D duplo) - 12mm","Lash Designer >> Fadvan","Lash Designer","Cílios","ALTA","AUTO_APROVADO","Categoria Tiny já pertence à árvore Lash Designer."
"806075647","Cílios Fadvan 6DW - (3D duplo) - 13mm","Lash Designer >> Fadvan","Lash Designer","Cílios","ALTA","AUTO_APROVADO","Categoria Tiny já pertence à árvore Lash Designer."
"806075630","Cílios Fadvan 6DW - (3D duplo) - Mix 8-12","Lash Designer >> Fadvan","Lash Designer","Cílios","ALTA","AUTO_APROVADO","Categoria Tiny já pertence à árvore Lash Designer."
"806075625","Cílios Fadvan 6DW - (3D duplo) - Mix 8-14","Lash Designer >> Fadvan","Lash Designer","Cílios","ALTA","AUTO_APROVADO","Categoria Tiny já pertence à árvore Lash Designer."
"806076212","Cilios Fadvan 8D - (4D duplo)","(SEM CATEGORIA)","Lash Designer","Cílios","MEDIA","AUTO_APROVADO","Nome contém sinais fortes de produto para extensão de cílios."
"806076226","Cilios Fadvan 8D - (4D duplo) - Mix 8-14","(SEM CATEGORIA)","Lash Designer","Cílios","MEDIA","AUTO_APROVADO","Nome contém sinais fortes de produto para extensão de cílios."
"738051700","Cílios Fadvan Y Curvatura L","Lash Designer >> Fadvan","Lash Designer","Cílios","ALTA","AUTO_APROVADO","Categoria Tiny já pertence à árvore Lash Designer."
"806076144","Cilios Fadvan Y curvatura M","Lash Designer >> Fadvan","Lash Designer","Cílios","ALTA","AUTO_APROVADO","Categoria Tiny já pertence à árvore Lash Designer."
"741044957","Cílios Fadvan Y Y - Vol Brasileiro","Lash Designer >> Fadvan","Lash Designer","Cílios","ALTA","AUTO_APROVADO","Categoria Tiny já pertence à árvore Lash Designer."
"741044981","Cílios Fadvan Y Y - Vol Brasileiro - 10mm","Lash Designer >> Fadvan","Lash Designer","Cílios","ALTA","AUTO_APROVADO","Categoria Tiny já pertence à árvore Lash Designer."
"741044985","Cílios Fadvan Y Y - Vol Brasileiro - 11mm","Lash Designer >> Fadvan","Lash Designer","Cílios","ALTA","AUTO_APROVADO","Categoria Tiny já pertence à árvore Lash Designer."
"741044989","Cílios Fadvan Y Y - Vol Brasileiro - 12mm","Lash Designer >> Fadvan","Lash Designer","Cílios","ALTA","AUTO_APROVADO","Categoria Tiny já pertence à árvore Lash Designer."
"741044993","Cílios Fadvan Y Y - Vol Brasileiro - 13mm","Lash Designer >> Fadvan","Lash Designer","Cílios","ALTA","AUTO_APROVADO","Categoria Tiny já pertence à árvore Lash Designer."
"741044997","Cílios Fadvan Y Y - Vol Brasileiro - 14mm","Lash Designer >> Fadvan","Lash Designer","Cílios","ALTA","AUTO_APROVADO","Categoria Tiny já pertence à árvore Lash Designer."
"741044973","Cílios Fadvan Y Y - Vol Brasileiro - 8mm","Lash Designer >> Fadvan","Lash Designer","Cílios","ALTA","AUTO_APROVADO","Categoria Tiny já pertence à árvore Lash Designer."
"741044977","Cílios Fadvan Y Y - Vol Brasileiro - 9mm","Lash Designer >> Fadvan","Lash Designer","Cílios","ALTA","AUTO_APROVADO","Categoria Tiny já pertence à árvore Lash Designer."
"741045001","Cílios Fadvan Y Y - Vol Brasileiro - Mix 8-12","Lash Designer >> Fadvan","Lash Designer","Cílios","ALTA","AUTO_APROVADO","Categoria Tiny já pertence à árvore Lash Designer."
"741045005","Cílios Fadvan Y Y - Vol Brasileiro - Mix 8-14","Lash Designer >> Fadvan","Lash Designer","Cílios","ALTA","AUTO_APROVADO","Categoria Tiny já pertence à árvore Lash Designer."
"741045016","Cílios fio a fio  - Nagaraku  Mix","(SEM CATEGORIA)","Lash Designer","Cílios","MEDIA","AUTO_APROVADO","Nome contém sinais fortes de produto para extensão de cílios."
"741045047","Cílios fio a fio  - Nagaraku  Mix - 0.05mm","(SEM CATEGORIA)","Lash Designer","Cílios","MEDIA","AUTO_APROVADO","Nome contém sinais fortes de produto para extensão de cílios."
"741045042","Cílios fio a fio  - Nagaraku  Mix - 0.07mm","(SEM CATEGORIA)","Lash Designer","Cílios","MEDIA","AUTO_APROVADO","Nome contém sinais fortes de produto para extensão de cílios."
"741045034","Cílios fio a fio  - Nagaraku  Mix - 0.15mm","(SEM CATEGORIA)","Lash Designer","Cílios","MEDIA","AUTO_APROVADO","Nome contém sinais fortes de produto para extensão de cílios."
"741045038","Cílios fio a fio  - Nagaraku  Mix - 0.20mm","(SEM CATEGORIA)","Lash Designer","Cílios","MEDIA","AUTO_APROVADO","Nome contém sinais fortes de produto para extensão de cílios."
"804858231","Cílios fio a fio  0.05 curvatura C - Nagaraku  Mix","(SEM CATEGORIA)","Lash Designer","Cílios","MEDIA","AUTO_APROVADO","Nome contém sinais fortes de produto para extensão de cílios."
"741047304","Cilios fio a fio  Nagaraku  0.05D","Lash Designer >> Nagaraku","Lash Designer","Cílios","ALTA","AUTO_APROVADO","Categoria Tiny já pertence à árvore Lash Designer."
"741047323","Cilios fio a fio  Nagaraku  0.05D - 10mm","Lash Designer >> Nagaraku","Lash Designer","Cílios","ALTA","AUTO_APROVADO","Categoria Tiny já pertence à árvore Lash Designer."
"741047330","Cilios fio a fio  Nagaraku  0.05D - 11mm","Lash Designer >> Nagaraku","Lash Designer","Cílios","ALTA","AUTO_APROVADO","Categoria Tiny já pertence à árvore Lash Designer."
"741047335","Cilios fio a fio  Nagaraku  0.05D - 12mm","Lash Designer >> Nagaraku","Lash Designer","Cílios","ALTA","AUTO_APROVADO","Categoria Tiny já pertence à árvore Lash Designer."
"741047340","Cilios fio a fio  Nagaraku  0.05D - 13mm","Lash Designer >> Nagaraku","Lash Designer","Cílios","ALTA","AUTO_APROVADO","Categoria Tiny já pertence à árvore Lash Designer."
"741047345","Cilios fio a fio  Nagaraku  0.05D - 14mm","Lash Designer >> Nagaraku","Lash Designer","Cílios","ALTA","AUTO_APROVADO","Categoria Tiny já pertence à árvore Lash Designer."
"741047355","Cilios fio a fio  Nagaraku  0.05D - 15mm","Lash Designer >> Nagaraku","Lash Designer","Cílios","ALTA","AUTO_APROVADO","Categoria Tiny já pertence à árvore Lash Designer."
"741047350","Cilios fio a fio  Nagaraku  0.05D - 8mm","Lash Designer >> Nagaraku","Lash Designer","Cílios","ALTA","AUTO_APROVADO","Categoria Tiny já pertence à árvore Lash Designer."
"741047317","Cilios fio a fio  Nagaraku  0.05D - 9mm","Lash Designer >> Nagaraku","Lash Designer","Cílios","ALTA","AUTO_APROVADO","Categoria Tiny já pertence à árvore Lash Designer."
"741047781","Cilios fio a fio  Nagaraku  0.07D - 10mm","Lash Designer >> Nagaraku","Lash Designer","Cílios","ALTA","AUTO_APROVADO","Categoria Tiny já pertence à árvore Lash Designer."
"741047785","Cilios fio a fio  Nagaraku  0.07D - 11mm","Lash Designer >> Nagaraku","Lash Designer","Cílios","ALTA","AUTO_APROVADO","Categoria Tiny já pertence à árvore Lash Designer."
"741047789","Cilios fio a fio  Nagaraku  0.07D - 12mm","Lash Designer >> Nagaraku","Lash Designer","Cílios","ALTA","AUTO_APROVADO","Categoria Tiny já pertence à árvore Lash Designer."
"741047793","Cilios fio a fio  Nagaraku  0.07D - 13mm","Lash Designer >> Nagaraku","Lash Designer","Cílios","ALTA","AUTO_APROVADO","Categoria Tiny já pertence à árvore Lash Designer."
"741047777","Cilios fio a fio  Nagaraku  0.07D - 9mm","Lash Designer >> Nagaraku","Lash Designer","Cílios","ALTA","AUTO_APROVADO","Categoria Tiny já pertence à árvore Lash Designer."
"806077334","Cílios formato 5D em formato U , Fadvan","Lash Designer >> Fadvan","Lash Designer","Cílios","ALTA","AUTO_APROVADO","Categoria Tiny já pertence à árvore Lash Designer."
"806077293","Cílios formato UYY em formato U , Fadvan","(SEM CATEGORIA)","Lash Designer","Cílios","MEDIA","AUTO_APROVADO","Nome contém sinais fortes de produto para extensão de cílios."
"806076350","Cílios Maria Sasha 3D W curvatura M","Lash Designer >> Maria Sasha","Lash Designer","Cílios","ALTA","AUTO_APROVADO","Categoria Tiny já pertence à árvore Lash Designer."
"806075704","Cílios Nagaraku fio a fio , volume mix","(SEM CATEGORIA)","Lash Designer","Cílios","MEDIA","AUTO_APROVADO","Nome contém sinais fortes de produto para extensão de cílios."
"806075736","Cílios Nagaraku fio a fio , volume mix - 0.05mm","(SEM CATEGORIA)","Lash Designer","Cílios","MEDIA","AUTO_APROVADO","Nome contém sinais fortes de produto para extensão de cílios."
"806075731","Cílios Nagaraku fio a fio , volume mix - 0.07mm","(SEM CATEGORIA)","Lash Designer","Cílios","MEDIA","AUTO_APROVADO","Nome contém sinais fortes de produto para extensão de cílios."
"806075722","Cílios Nagaraku fio a fio , volume mix - 0.15mm","(SEM CATEGORIA)","Lash Designer","Cílios","MEDIA","AUTO_APROVADO","Nome contém sinais fortes de produto para extensão de cílios."
"806075726","Cílios Nagaraku fio a fio , volume mix - 0.20mm","(SEM CATEGORIA)","Lash Designer","Cílios","MEDIA","AUTO_APROVADO","Nome contém sinais fortes de produto para extensão de cílios."
"806076014","Cilios nagaraku fio a fio 0.05D","Lash Designer >> Nagaraku","Lash Designer","Cílios","ALTA","AUTO_APROVADO","Categoria Tiny já pertence à árvore Lash Designer."
"806076050","Cilios nagaraku fio a fio 0.05D - 10mm","Lash Designer >> Nagaraku","Lash Designer","Cílios","ALTA","AUTO_APROVADO","Categoria Tiny já pertence à árvore Lash Designer."
"806076057","Cilios nagaraku fio a fio 0.05D - 11mm","Lash Designer >> Nagaraku","Lash Designer","Cílios","ALTA","AUTO_APROVADO","Categoria Tiny já pertence à árvore Lash Designer."
"806076064","Cilios nagaraku fio a fio 0.05D - 12mm","Lash Designer >> Nagaraku","Lash Designer","Cílios","ALTA","AUTO_APROVADO","Categoria Tiny já pertence à árvore Lash Designer."
"806076071","Cilios nagaraku fio a fio 0.05D - 13mm","Lash Designer >> Nagaraku","Lash Designer","Cílios","ALTA","AUTO_APROVADO","Categoria Tiny já pertence à árvore Lash Designer."
"806076078","Cilios nagaraku fio a fio 0.05D - 14mm","Lash Designer >> Nagaraku","Lash Designer","Cílios","ALTA","AUTO_APROVADO","Categoria Tiny já pertence à árvore Lash Designer."
"806076096","Cilios nagaraku fio a fio 0.05D - 15mm","Lash Designer >> Nagaraku","Lash Designer","Cílios","ALTA","AUTO_APROVADO","Categoria Tiny já pertence à árvore Lash Designer."
"806076088","Cilios nagaraku fio a fio 0.05D - 8mm","Lash Designer >> Nagaraku","Lash Designer","Cílios","ALTA","AUTO_APROVADO","Categoria Tiny já pertence à árvore Lash Designer."
"806076043","Cilios nagaraku fio a fio 0.05D - 9mm","Lash Designer >> Nagaraku","Lash Designer","Cílios","ALTA","AUTO_APROVADO","Categoria Tiny já pertence à árvore Lash Designer."
"741047763","Cilios nagaraku fio a fio 0.07D","Lash Designer >> Nagaraku","Lash Designer","Cílios","ALTA","AUTO_APROVADO","Categoria Tiny já pertence à árvore Lash Designer."
"806076309","Cilios nagaraku fio a fio 0.07D - 10mm","Lash Designer >> Nagaraku","Lash Designer","Cílios","ALTA","AUTO_APROVADO","Categoria Tiny já pertence à árvore Lash Designer."
"806076313","Cilios nagaraku fio a fio 0.07D - 11mm","Lash Designer >> Nagaraku","Lash Designer","Cílios","ALTA","AUTO_APROVADO","Categoria Tiny já pertence à árvore Lash Designer."
"806076317","Cilios nagaraku fio a fio 0.07D - 12mm","Lash Designer >> Nagaraku","Lash Designer","Cílios","ALTA","AUTO_APROVADO","Categoria Tiny já pertence à árvore Lash Designer."
"806076322","Cilios nagaraku fio a fio 0.07D - 13mm","Lash Designer >> Nagaraku","Lash Designer","Cílios","ALTA","AUTO_APROVADO","Categoria Tiny já pertence à árvore Lash Designer."
"741047798","Cilios nagaraku fio a fio 0.07D - 14mm","Lash Designer >> Nagaraku","Lash Designer","Cílios","ALTA","AUTO_APROVADO","Categoria Tiny já pertence à árvore Lash Designer."
"741047808","Cilios nagaraku fio a fio 0.07D - 15mm","Lash Designer >> Nagaraku","Lash Designer","Cílios","ALTA","AUTO_APROVADO","Categoria Tiny já pertence à árvore Lash Designer."
"741047803","Cilios nagaraku fio a fio 0.07D - 8mm","Lash Designer >> Nagaraku","Lash Designer","Cílios","ALTA","AUTO_APROVADO","Categoria Tiny já pertence à árvore Lash Designer."
"806076305","Cilios nagaraku fio a fio 0.07D - 9mm","Lash Designer >> Nagaraku","Lash Designer","Cílios","ALTA","AUTO_APROVADO","Categoria Tiny já pertence à árvore Lash Designer."
"741045054","Cílios nagaraku Y - Volume brasileiro","Lash Designer >> Nagaraku","Lash Designer","Cílios","ALTA","AUTO_APROVADO","Categoria Tiny já pertence à árvore Lash Designer."
"741045090","Cílios nagaraku Y - Volume brasileiro - 10mm","Lash Designer >> Nagaraku","Lash Designer","Cílios","ALTA","AUTO_APROVADO","Categoria Tiny já pertence à árvore Lash Designer."
"741045094","Cílios nagaraku Y - Volume brasileiro - 11mm","Lash Designer >> Nagaraku","Lash Designer","Cílios","ALTA","AUTO_APROVADO","Categoria Tiny já pertence à árvore Lash Designer."
"741045098","Cílios nagaraku Y - Volume brasileiro - 12mm","Lash Designer >> Nagaraku","Lash Designer","Cílios","ALTA","AUTO_APROVADO","Categoria Tiny já pertence à árvore Lash Designer."
"741045103","Cílios nagaraku Y - Volume brasileiro - 13mm","Lash Designer >> Nagaraku","Lash Designer","Cílios","ALTA","AUTO_APROVADO","Categoria Tiny já pertence à árvore Lash Designer."
"741045110","Cílios nagaraku Y - Volume brasileiro - 14mm","Lash Designer >> Nagaraku","Lash Designer","Cílios","ALTA","AUTO_APROVADO","Categoria Tiny já pertence à árvore Lash Designer."
"741045081","Cílios nagaraku Y - Volume brasileiro - 8mm","Lash Designer >> Nagaraku","Lash Designer","Cílios","ALTA","AUTO_APROVADO","Categoria Tiny já pertence à árvore Lash Designer."
"741045086","Cílios nagaraku Y - Volume brasileiro - 9mm","Lash Designer >> Nagaraku","Lash Designer","Cílios","ALTA","AUTO_APROVADO","Categoria Tiny já pertence à árvore Lash Designer."
"741045121","Cílios nagaraku Y - Volume brasileiro - Mix 8-12","Lash Designer >> Nagaraku","Lash Designer","Cílios","ALTA","AUTO_APROVADO","Categoria Tiny já pertence à árvore Lash Designer."
"741045116","Cílios nagaraku Y - Volume brasileiro - Mix 8-14","Lash Designer >> Nagaraku","Lash Designer","Cílios","ALTA","AUTO_APROVADO","Categoria Tiny já pertence à árvore Lash Designer."
"738051838","Cílios para treino","Lash Designer >> Acesssórios e descartáveis","Lash Designer","Cílios","ALTA","AUTO_APROVADO","Categoria Tiny já pertence à árvore Lash Designer."
"738051851","Cílios tufo fadvan - FD18 mix","Lash Designer >> Fadvan","Lash Designer","Cílios","ALTA","AUTO_APROVADO","Categoria Tiny já pertence à árvore Lash Designer."
"741048304","Cílios Tufo Nesura Eyelash 10D","Lash Designer >> Cilios tufo","Lash Designer","Cílios","ALTA","AUTO_APROVADO","Categoria Tiny já pertence à árvore Lash Designer."
"741048312","Cílios Tufo Nesura Eyelash 10D - 10mm","Lash Designer >> Cilios tufo","Lash Designer","Cílios","ALTA","AUTO_APROVADO","Categoria Tiny já pertence à árvore Lash Designer."
"741048317","Cílios Tufo Nesura Eyelash 10D - 12mm","Lash Designer >> Cilios tufo","Lash Designer","Cílios","ALTA","AUTO_APROVADO","Categoria Tiny já pertence à árvore Lash Designer."
"738051863","Cílios tufo New show - 30P + 40P - mix","Lash Designer >> Cilios tufo","Lash Designer","Cílios","ALTA","AUTO_APROVADO","Categoria Tiny já pertence à árvore Lash Designer."
"741048322","Cílios tufo New show 20p","Lash Designer >> Cilios tufo","Lash Designer","Cílios","ALTA","AUTO_APROVADO","Categoria Tiny já pertence à árvore Lash Designer."
"741048330","Cílios tufo New show 20p - 10mm","Lash Designer >> Cilios tufo","Lash Designer","Cílios","ALTA","AUTO_APROVADO","Categoria Tiny já pertence à árvore Lash Designer."
"741048335","Cílios tufo New show 20p - 12mm","Lash Designer >> Cilios tufo","Lash Designer","Cílios","ALTA","AUTO_APROVADO","Categoria Tiny já pertence à árvore Lash Designer."
"741048340","Cílios tufo New show 20p - 14mm","Lash Designer >> Cilios tufo","Lash Designer","Cílios","ALTA","AUTO_APROVADO","Categoria Tiny já pertence à árvore Lash Designer."
"806076488","Cílios tufo potinho para alongamento - Tufinho","Lash Designer >> Cilios tufo","Lash Designer","Cílios","ALTA","AUTO_APROVADO","Categoria Tiny já pertence à árvore Lash Designer."
"806076504","Cílios tufo potinho para alongamento - Tufinho - 10","Lash Designer >> Cilios tufo","Lash Designer","Cílios","ALTA","AUTO_APROVADO","Categoria Tiny já pertence à árvore Lash Designer."
"806076512","Cílios tufo potinho para alongamento - Tufinho - 12","Lash Designer >> Cilios tufo","Lash Designer","Cílios","ALTA","AUTO_APROVADO","Categoria Tiny já pertence à árvore Lash Designer."
"806076518","Cílios tufo potinho para alongamento - Tufinho - 14","Lash Designer >> Cilios tufo","Lash Designer","Cílios","ALTA","AUTO_APROVADO","Categoria Tiny já pertence à árvore Lash Designer."
"741044658","Cílios Y  Decemars - volume brasileiro - 10mm","Lash Designer >> Decemars","Lash Designer","Cílios","ALTA","AUTO_APROVADO","Categoria Tiny já pertence à árvore Lash Designer."
"741044663","Cílios Y  Decemars - volume brasileiro - 11mm","Lash Designer >> Decemars","Lash Designer","Cílios","ALTA","AUTO_APROVADO","Categoria Tiny já pertence à árvore Lash Designer."
"741044668","Cílios Y  Decemars - volume brasileiro - 12mm","Lash Designer >> Decemars","Lash Designer","Cílios","ALTA","AUTO_APROVADO","Categoria Tiny já pertence à árvore Lash Designer."
"741044673","Cílios Y  Decemars - volume brasileiro - 13mm","Lash Designer >> Decemars","Lash Designer","Cílios","ALTA","AUTO_APROVADO","Categoria Tiny já pertence à árvore Lash Designer."
"741044678","Cílios Y  Decemars - volume brasileiro - 14mm","Lash Designer >> Decemars","Lash Designer","Cílios","ALTA","AUTO_APROVADO","Categoria Tiny já pertence à árvore Lash Designer."
"741044648","Cílios Y  Decemars - volume brasileiro - 8mm","Lash Designer >> Decemars","Lash Designer","Cílios","ALTA","AUTO_APROVADO","Categoria Tiny já pertence à árvore Lash Designer."
"741044653","Cílios Y  Decemars - volume brasileiro - 9mm","Lash Designer >> Decemars","Lash Designer","Cílios","ALTA","AUTO_APROVADO","Categoria Tiny já pertence à árvore Lash Designer."
"741044683","Cílios Y  Decemars - volume brasileiro - Mix 8-12","Lash Designer >> Decemars","Lash Designer","Cílios","ALTA","AUTO_APROVADO","Categoria Tiny já pertence à árvore Lash Designer."
"741044688","Cílios Y  Decemars - volume brasileiro - Mix 8-14","Lash Designer >> Decemars","Lash Designer","Cílios","ALTA","AUTO_APROVADO","Categoria Tiny já pertence à árvore Lash Designer."
"738051480","Cílios Y  Marrom Decemars ","Decemars","Lash Designer","Cílios","MEDIA","AUTO_APROVADO","Nome contém sinais fortes de produto para extensão de cílios."
"738051866","Cílios Y colorido fadvan - Mix","Lash Designer >> Fadvan","Lash Designer","Cílios","ALTA","AUTO_APROVADO","Categoria Tiny já pertence à árvore Lash Designer."
"806076393","Cílios Y Fadvan curvatura C","Lash Designer >> Fadvan","Lash Designer","Cílios","ALTA","AUTO_APROVADO","Categoria Tiny já pertence à árvore Lash Designer."
"738051870","Cílios Y Fadvan Curvatura C Mix 8-14mm","Lash Designer >> Fadvan","Lash Designer","Cílios","ALTA","AUTO_APROVADO","Categoria Tiny já pertence à árvore Lash Designer."
"738051883","Cílios Y Maria Sasha Curvatura M - Volume Brasileiro","Maria Sasha","Lash Designer","Cílios","MEDIA","AUTO_APROVADO","Nome contém sinais fortes de produto para extensão de cílios."
"741048369","Cílios YY marrom Nagaraku 0.07D","Lash Designer >> Nagaraku","Lash Designer","Cílios","ALTA","AUTO_APROVADO","Categoria Tiny já pertence à árvore Lash Designer."
"741048379","Cílios YY marrom Nagaraku 0.07D - Mix 8-14","Lash Designer >> Nagaraku","Lash Designer","Cílios","ALTA","AUTO_APROVADO","Categoria Tiny já pertence à árvore Lash Designer."
"804742884","Cola Adesivo  Beautify Oxe  (3g)","(SEM CATEGORIA)","Lash Designer","Colas e Adesivos","MEDIA","AUTO_APROVADO","Nome contém sinais fortes de adesivo/cola para lash."
"804740643","Cola Adesivo  Beautify Pro Angel  (3g)","(SEM CATEGORIA)","Lash Designer","Colas e Adesivos","MEDIA","AUTO_APROVADO","Nome contém sinais fortes de adesivo/cola para lash."
"804742292","Cola Adesivo para Extensão de Cílios Beautify Pro Best  (3g)","(SEM CATEGORIA)","Lash Designer","Cílios","MEDIA","AUTO_APROVADO","Nome contém sinais fortes de produto para extensão de cílios."
"804741385","Cola Adesivo para Extensão de Cílios Beautify Pro Brown  (3g)","(SEM CATEGORIA)","Lash Designer","Cílios","MEDIA","AUTO_APROVADO","Nome contém sinais fortes de produto para extensão de cílios."
"804742448","Cola Adesivo para Extensão de Cílios Beautify Pro Fast   (3g)","(SEM CATEGORIA)","Lash Designer","Cílios","MEDIA","AUTO_APROVADO","Nome contém sinais fortes de produto para extensão de cílios."
"804743475","Cola Adesivo SKY Rose ","(SEM CATEGORIA)","Lash Designer","Colas e Adesivos","MEDIA","AUTO_APROVADO","Nome contém sinais fortes de adesivo/cola para lash."
"738051919","Cola Ardell para Tufo","Lash Designer >> Colas/Adesivos","Lash Designer","Cílios","ALTA","AUTO_APROVADO","Categoria Tiny já pertence à árvore Lash Designer."
"806077462","Cola Aurora Cherry Lash 3g | Extensão de Cílios | Com ANVISA","Lash Designer >> Colas/Adesivos","Lash Designer","Cílios","ALTA","AUTO_APROVADO","Categoria Tiny já pertence à árvore Lash Designer."
"738051922","Cola cherry INFINITY 3ml","Lash Designer >> Colas/Adesivos","Lash Designer","Colas e Adesivos","ALTA","AUTO_APROVADO","Categoria Tiny já pertence à árvore Lash Designer."
"806077449","Cola Cherry Lash One 3ml Extensão Cílios Secagem Rápida","Lash Designer >> Colas/Adesivos","Lash Designer","Cílios","ALTA","AUTO_APROVADO","Categoria Tiny já pertence à árvore Lash Designer."
"738051904","Cola Clione Prime Love 3g | Extensão de Cílios | Alta Retenção","(SEM CATEGORIA)","Lash Designer","Cílios","MEDIA","AUTO_APROVADO","Nome contém sinais fortes de produto para extensão de cílios."
"741047296","COLA ELITE HS10","Lash Designer >> Colas/Adesivos","Lash Designer","Colas e Adesivos","ALTA","AUTO_APROVADO","Categoria Tiny já pertence à árvore Lash Designer."
"738051941","Cola Elite HS16 - 3g","Lash Designer >> Colas/Adesivos","Lash Designer","Colas e Adesivos","ALTA","AUTO_APROVADO","Categoria Tiny já pertence à árvore Lash Designer."
"744931408","Cola Elite hs17 - 3g","(SEM CATEGORIA)","Lash Designer","Colas e Adesivos","MEDIA","AUTO_APROVADO","Nome contém sinais fortes de adesivo/cola para lash."
"738051950","Cola High Sobelle - 3g","(SEM CATEGORIA)","Lash Designer","Colas e Adesivos","MEDIA","AUTO_APROVADO","Nome contém sinais fortes de adesivo/cola para lash."
"738051956","Cola Lanel para cílios tufinho - 30ml","Lash Designer >> Colas /  Adesivos","Lash Designer","Cílios","ALTA","AUTO_APROVADO","Categoria Tiny já pertence à árvore Lash Designer."
"812515727","COLA LASHES CO PURE++ 5ML","(SEM CATEGORIA)","Lash Designer","Cílios","MEDIA","AUTO_APROVADO","Nome contém sinais fortes de produto para extensão de cílios."
"738051961","COLA MACY GOLD 3ML","Colas/Adesivos","Lash Designer","Colas e Adesivos","MEDIA","AUTO_APROVADO","Nome contém sinais fortes de adesivo/cola para lash."
"738051971","Cola Macy Nano Tek 3ml Para Extensão De Cílios Volume Russo","Lash Designer >> Colas/Adesivos","Lash Designer","Cílios","ALTA","AUTO_APROVADO","Categoria Tiny já pertence à árvore Lash Designer."
"738052002","COLA MACY P+ 3ML","Lash Designer >> Colas/Adesivos","Lash Designer","Colas e Adesivos","ALTA","AUTO_APROVADO","Categoria Tiny já pertence à árvore Lash Designer."
"806077442","Cola Master Elite Diamond transparente- 3ml","Lash Designer >> Colas /  Adesivos","Lash Designer","Colas e Adesivos","ALTA","AUTO_APROVADO","Categoria Tiny já pertence à árvore Lash Designer."
"738052008","Cola master elite Esmeralda 3ml","Lash Designer >> Colas/Adesivos","Lash Designer","Colas e Adesivos","ALTA","AUTO_APROVADO","Categoria Tiny já pertence à árvore Lash Designer."
"738052022","COLA MASTER ELITE RUBY - 3G","Lash Designer >> Colas/Adesivos","Lash Designer","Colas e Adesivos","ALTA","AUTO_APROVADO","Categoria Tiny já pertence à árvore Lash Designer."
"738052058","COLA SKY GLUE - 5g - Tampa Vermelha","Lash Designer >> Colas/Adesivos","Lash Designer","Colas e Adesivos","ALTA","AUTO_APROVADO","Categoria Tiny já pertence à árvore Lash Designer."
"738052074","Cola Sobelle Glamour 3Ml","Lash Designer >> Colas/Adesivos","Lash Designer","Colas e Adesivos","ALTA","AUTO_APROVADO","Categoria Tiny já pertence à árvore Lash Designer."
"738052083","Cola Sobelle Hero 3ml","Lash Designer >> Colas/Adesivos","Lash Designer","Colas e Adesivos","ALTA","AUTO_APROVADO","Categoria Tiny já pertence à árvore Lash Designer."
"738052097","Cola Sobelle Powerful 3ml","Lash Designer >> Colas/Adesivos","Lash Designer","Colas e Adesivos","ALTA","AUTO_APROVADO","Categoria Tiny já pertence à árvore Lash Designer."
"738052104","Cola/Adesivo Salon Pro 30","Lash Designer >> Colas /  Adesivos","Lash Designer","Colas e Adesivos","ALTA","AUTO_APROVADO","Categoria Tiny já pertence à árvore Lash Designer."
"738052116","Coletor Aspirador de Pó de Unhas Nail - Vacuum Cleaner 60W","NAIL DESIGNER","Nail Designer","Nail Designer","ALTA","AUTO_APROVADO","Categoria Tiny já pertence à árvore Nail Designer."
"738052148","Copo Dappen transparente","Acesssórios e descartáveis","Revisar","Revisar","BAIXA","REVISAR_MANUALMENTE","Sem sinal suficiente para classificar automaticamente sem risco."
"738052169","Desidrat - Sachê","NAIL DESIGNER >> Vólia","Nail Designer","Nail Designer","ALTA","AUTO_APROVADO","Categoria Tiny já pertence à árvore Nail Designer."
"738052221","Escovinha 50 un","Lash Designer >> Acesssórios e descartáveis","Lash Designer","Acessórios","ALTA","AUTO_APROVADO","Categoria Tiny já pertence à árvore Lash Designer."
"738052229","Espelho de mão","Acesssórios e descartáveis","Revisar","Revisar","BAIXA","REVISAR_MANUALMENTE","Sem sinal suficiente para classificar automaticamente sem risco."
"806075479","Espelho de mão","Lash Designer >> Acesssórios e descartáveis","Lash Designer","Acessórios","ALTA","AUTO_APROVADO","Categoria Tiny já pertence à árvore Lash Designer."
"806076230","Espelho de mão - Dupla face zoom","Acesssórios e descartáveis","Revisar","Revisar","BAIXA","REVISAR_MANUALMENTE","Sem sinal suficiente para classificar automaticamente sem risco."
"804879004","Espelho de mão Borboleta","(SEM CATEGORIA)","Revisar","Revisar","BAIXA","REVISAR_MANUALMENTE","Sem sinal suficiente para classificar automaticamente sem risco."
"738052269","Espelho de mão coração","(SEM CATEGORIA)","Revisar","Revisar","BAIXA","REVISAR_MANUALMENTE","Sem sinal suficiente para classificar automaticamente sem risco."
"738052356","Espelho de precisão","Lash Designer >> Acesssórios e descartáveis","Lash Designer","Acessórios","ALTA","AUTO_APROVADO","Categoria Tiny já pertence à árvore Lash Designer."
"738052376","Espelho de precisão coraçao","Acesssórios","Revisar","Revisar","BAIXA","REVISAR_MANUALMENTE","Sem sinal suficiente para classificar automaticamente sem risco."
"806077288","Espuma de limpeza Sobelle","(SEM CATEGORIA)","Lash Designer","Higienização","MEDIA","AUTO_APROVADO","Nome indica preparação/higienização lash."
"738052409","Espuma shampoo de limpeza navina 50Ml","Lash Designer >> Acesssórios e descartáveis","Lash Designer","Higienização","ALTA","AUTO_APROVADO","Categoria Tiny já pertence à árvore Lash Designer."
"738052425","Espuma shampoo de limpeza power Miriam motta 150ml","Lash Designer >> Miriam Motta","Lash Designer","Higienização","ALTA","AUTO_APROVADO","Categoria Tiny já pertence à árvore Lash Designer."
"748826699","ESPUMA SHAMPOO DE LIMPEZA SOFT SNOW - CHERRY","Lash Designer >> Cherry","Lash Designer","Higienização","ALTA","AUTO_APROVADO","Categoria Tiny já pertence à árvore Lash Designer."
"803642694","Espuma Shampoo Sobelle Detox 150ml | Limpeza Profunda","(SEM CATEGORIA)","Lash Designer","Higienização","MEDIA","AUTO_APROVADO","Nome indica preparação/higienização lash."
"803642177","Espuma Shampoo Sobelle Sensitive Calm 150ml | Pele Sensível","(SEM CATEGORIA)","Lash Designer","Higienização","MEDIA","AUTO_APROVADO","Nome indica preparação/higienização lash."
"738052450","Estojo para pinça -","Acesssórios e descartáveis","Lash Designer","Pinças","MEDIA","AUTO_APROVADO","Nome indica pinça; validar manualmente apenas se for ferramenta de outra linha."
"738052458","Fibra em Rolo - Vòlia","NAIL DESIGNER >> Vólia","Nail Designer","Nail Designer","ALTA","AUTO_APROVADO","Categoria Tiny já pertence à árvore Nail Designer."
"738052465","Finalizador PRO - Cherry","Lash Designer >> Cherry","Lash Designer","Acessórios","ALTA","AUTO_APROVADO","Categoria Tiny já pertence à árvore Lash Designer."
"738052486","Fita de silicone para extensão de cílios","Acesssórios e descartáveis","Lash Designer","Cílios","MEDIA","AUTO_APROVADO","Nome contém sinais fortes de produto para extensão de cílios."
"738052516","Fita japonesa","(SEM CATEGORIA)","Revisar","Revisar","BAIXA","REVISAR_MANUALMENTE","Sem sinal suficiente para classificar automaticamente sem risco."
"738052525","Fita japonesa fina para isolamento","(SEM CATEGORIA)","Revisar","Revisar","BAIXA","REVISAR_MANUALMENTE","Sem sinal suficiente para classificar automaticamente sem risco."
"738052539","Fita Micropore","Lash Designer >> Acesssórios e descartáveis","Lash Designer","Acessórios","ALTA","AUTO_APROVADO","Categoria Tiny já pertence à árvore Lash Designer."
"806076128","Fita para levantar palpebra","(SEM CATEGORIA)","Revisar","Revisar","BAIXA","REVISAR_MANUALMENTE","Sem sinal suficiente para classificar automaticamente sem risco."
"738052559","Fita Transpore","(SEM CATEGORIA)","Revisar","Revisar","BAIXA","REVISAR_MANUALMENTE","Sem sinal suficiente para classificar automaticamente sem risco."
"738052576","Fita transpore rosa","Lash Designer >> Acesssórios e descartáveis","Lash Designer","Acessórios","ALTA","AUTO_APROVADO","Categoria Tiny já pertence à árvore Lash Designer."
"738052597","Fixador de Henna Rare Way 20ml","Sobrancelha >> Rare Way","Sobrancelhas","Sobrancelhas","ALTA","AUTO_APROVADO","Categoria Tiny já pertence à árvore Sobrancelha."
"738052600","Frasco pump","Lash Designer >> Acesssórios e descartáveis","Lash Designer","Acessórios","ALTA","AUTO_APROVADO","Categoria Tiny já pertence à árvore Lash Designer."
"738052610","Gel Base Clear – Sachê 12g","NAIL DESIGNER >> Vólia","Nail Designer","Nail Designer","ALTA","AUTO_APROVADO","Categoria Tiny já pertence à árvore Nail Designer."
"738052641","Gel Classic Clear – Sachê 14g","NAIL DESIGNER >> Vólia","Nail Designer","Nail Designer","ALTA","AUTO_APROVADO","Categoria Tiny já pertence à árvore Nail Designer."
"738052682","Gel Classic Cover – Sachê 14g","NAIL DESIGNER >> Vólia","Nail Designer","Nail Designer","ALTA","AUTO_APROVADO","Categoria Tiny já pertence à árvore Nail Designer."
"738052691","Gel Classic Nude – Sachê 14g - Vòlia","NAIL DESIGNER >> Vólia","Nail Designer","Nail Designer","ALTA","AUTO_APROVADO","Categoria Tiny já pertence à árvore Nail Designer."
"738052707","Gel Classic Pink – Sachê 14g","NAIL DESIGNER >> Vólia","Nail Designer","Nail Designer","ALTA","AUTO_APROVADO","Categoria Tiny já pertence à árvore Nail Designer."
"738052730","Gel Construtor Blanco 24g - Anylovy","NAIL DESIGNER >> ANYLOVY","Nail Designer","Nail Designer","ALTA","AUTO_APROVADO","Categoria Tiny já pertence à árvore Nail Designer."
"738052743","Gel Construtor Cover 24g - ANYLOVY","NAIL DESIGNER >> ANYLOVY","Nail Designer","Nail Designer","ALTA","AUTO_APROVADO","Categoria Tiny já pertence à árvore Nail Designer."
"738052755","Gel Construtor Cover Nude 24g - Anylovy","NAIL DESIGNER >> ANYLOVY","Nail Designer","Nail Designer","ALTA","AUTO_APROVADO","Categoria Tiny já pertence à árvore Nail Designer."
"738052763","Gel Construtor Natural Pink 30g - Bluwe","NAIL DESIGNER >> BLUWE","Nail Designer","Nail Designer","ALTA","AUTO_APROVADO","Categoria Tiny já pertence à árvore Nail Designer."
"738052772","Gel Construtor Nude 24g - Anylovy","NAIL DESIGNER >> ANYLOVY","Nail Designer","Nail Designer","ALTA","AUTO_APROVADO","Categoria Tiny já pertence à árvore Nail Designer."
"738052780","Gel Construtor Universal Nude 30g - Bluwe","NAIL DESIGNER >> BLUWE","Nail Designer","Nail Designer","ALTA","AUTO_APROVADO","Categoria Tiny já pertence à árvore Nail Designer."
"738052799","Gel Cover Shine 24g","NAIL DESIGNER >> ANYLOVY","Nail Designer","Nail Designer","ALTA","AUTO_APROVADO","Categoria Tiny já pertence à árvore Nail Designer."
"741049245","Gel de Alongamento para Unhas - Linha Light - 15ml - Real Love","NAIL DESIGNER >> Real Love","Nail Designer","Nail Designer","ALTA","AUTO_APROVADO","Categoria Tiny já pertence à árvore Nail Designer."
"741049258","Gel de Alongamento para Unhas - Linha Light - 15ml - Real Love - 1 Transparente","NAIL DESIGNER >> Real Love","Nail Designer","Nail Designer","ALTA","AUTO_APROVADO","Categoria Tiny já pertence à árvore Nail Designer."
"741048756","Henna Glance para Sobrancelhas Rare Way 3,5","Sobrancelha >> Rare Way","Sobrancelhas","Sobrancelhas","ALTA","AUTO_APROVADO","Categoria Tiny já pertence à árvore Sobrancelha."
"741048799","Henna Glance para Sobrancelhas Rare Way 3,5 - Castanho claro","Sobrancelha >> Rare Way","Sobrancelhas","Sobrancelhas","ALTA","AUTO_APROVADO","Categoria Tiny já pertence à árvore Sobrancelha."
"741048788","Henna Glance para Sobrancelhas Rare Way 3,5 - Castanho escuro","Sobrancelha >> Rare Way","Sobrancelhas","Sobrancelhas","ALTA","AUTO_APROVADO","Categoria Tiny já pertence à árvore Sobrancelha."
"741048781","Henna Glance para Sobrancelhas Rare Way 3,5 - Castanho médio","Sobrancelha >> Rare Way","Sobrancelhas","Sobrancelhas","ALTA","AUTO_APROVADO","Categoria Tiny já pertence à árvore Sobrancelha."
"741048775","Henna Glance para Sobrancelhas Rare Way 3,5 - Loiro escuro","Sobrancelha >> Rare Way","Sobrancelhas","Sobrancelhas","ALTA","AUTO_APROVADO","Categoria Tiny já pertence à árvore Sobrancelha."
"741048794","Henna Glance para Sobrancelhas Rare Way 3,5 - Preto","Sobrancelha >> Rare Way","Sobrancelhas","Sobrancelhas","ALTA","AUTO_APROVADO","Categoria Tiny já pertence à árvore Sobrancelha."
"805048777","Henna Sourcil","(SEM CATEGORIA)","Sobrancelhas","Sobrancelhas","MEDIA","AUTO_APROVADO","Nome contém sinais fortes de produto para sobrancelhas."
"805048785","Henna Sourcil - Castanho claro","(SEM CATEGORIA)","Sobrancelhas","Sobrancelhas","MEDIA","AUTO_APROVADO","Nome contém sinais fortes de produto para sobrancelhas."
"805048782","Henna Sourcil - Castanho escuro","(SEM CATEGORIA)","Sobrancelhas","Sobrancelhas","MEDIA","AUTO_APROVADO","Nome contém sinais fortes de produto para sobrancelhas."
"805048788","Henna Sourcil - Castanho médio","(SEM CATEGORIA)","Sobrancelhas","Sobrancelhas","MEDIA","AUTO_APROVADO","Nome contém sinais fortes de produto para sobrancelhas."
"805048791","Henna Sourcil - Preto","(SEM CATEGORIA)","Sobrancelhas","Sobrancelhas","MEDIA","AUTO_APROVADO","Nome contém sinais fortes de produto para sobrancelhas."
"806077361","Henna Sourcil 3g","Sobrancelha >> Sour Cil","Sobrancelhas","Sobrancelhas","ALTA","AUTO_APROVADO","Categoria Tiny já pertence à árvore Sobrancelha."
"806077377","Henna Sourcil 3g - Castanho escuro","Sobrancelha >> Sour Cil","Sobrancelhas","Sobrancelhas","ALTA","AUTO_APROVADO","Categoria Tiny já pertence à árvore Sobrancelha."
"806077384","Henna Sourcil 3g - Castanho médio","Sobrancelha >> Sour Cil","Sobrancelhas","Sobrancelhas","ALTA","AUTO_APROVADO","Categoria Tiny já pertence à árvore Sobrancelha."
"806077394","Henna Sourcil 3g - Preto","Sobrancelha >> Sour Cil","Sobrancelhas","Sobrancelhas","ALTA","AUTO_APROVADO","Categoria Tiny já pertence à árvore Sobrancelha."
"738052804","Higienizador Bluwe 130ml","NAIL DESIGNER >> BLUWE","Nail Designer","Nail Designer","ALTA","AUTO_APROVADO","Categoria Tiny já pertence à árvore Nail Designer."
"738052814","Higrômetro digital","(SEM CATEGORIA)","Revisar","Revisar","BAIXA","REVISAR_MANUALMENTE","Sem sinal suficiente para classificar automaticamente sem risco."
"738052831","Higrômetro Digital Pequeno","Lash Designer >> Acesssórios e descartáveis","Lash Designer","Acessórios","ALTA","AUTO_APROVADO","Categoria Tiny já pertence à árvore Lash Designer."
"738052853","Iluminador Led Tomate","(SEM CATEGORIA)","Revisar","Revisar","BAIXA","REVISAR_MANUALMENTE","Sem sinal suficiente para classificar automaticamente sem risco."
"738052857","Kit 02 Esmaltes em Gel Nude Translúcido- 15ml - Bella Rosa","NAIL DESIGNER","Nail Designer","Nail Designer","ALTA","AUTO_APROVADO","Categoria Tiny já pertence à árvore Nail Designer."
"738052863","Kit 3 navalhas","(SEM CATEGORIA)","Revisar","Revisar","BAIXA","REVISAR_MANUALMENTE","Sem sinal suficiente para classificar automaticamente sem risco."
"738052870","Kit 3 pinças para sobrancelha","(SEM CATEGORIA)","Lash Designer","Pinças","MEDIA","AUTO_APROVADO","Nome indica pinça; validar manualmente apenas se for ferramenta de outra linha."
"738052882","KIT 6 Presilha - G","NAIL DESIGNER","Nail Designer","Nail Designer","ALTA","AUTO_APROVADO","Categoria Tiny já pertence à árvore Nail Designer."
"738052928","KIT 6 Presilha - P","NAIL DESIGNER","Nail Designer","Nail Designer","ALTA","AUTO_APROVADO","Categoria Tiny já pertence à árvore Nail Designer."
"738052936","Kit c/5 Pincéis Boleador Colorido","NAIL DESIGNER","Nail Designer","Nail Designer","ALTA","AUTO_APROVADO","Categoria Tiny já pertence à árvore Nail Designer."
"738052945","Kit Francesinha esmalte em gel branco Bella rosa","NAIL DESIGNER","Nail Designer","Nail Designer","ALTA","AUTO_APROVADO","Categoria Tiny já pertence à árvore Nail Designer."
"741047693","Kit Henna Menela","Sobrancelha","Sobrancelhas","Sobrancelhas","ALTA","AUTO_APROVADO","Categoria Tiny já pertence à árvore Sobrancelha."
"741047737","Kit Henna Menela - Castanho claro","Sobrancelha","Sobrancelhas","Sobrancelhas","ALTA","AUTO_APROVADO","Categoria Tiny já pertence à árvore Sobrancelha."
"741047731","Kit Henna Menela - Castanho escuro","Sobrancelha","Sobrancelhas","Sobrancelhas","ALTA","AUTO_APROVADO","Categoria Tiny já pertence à árvore Sobrancelha."
"741047725","Kit Henna Menela - Castanho médio","Sobrancelha","Sobrancelhas","Sobrancelhas","ALTA","AUTO_APROVADO","Categoria Tiny já pertence à árvore Sobrancelha."
"741047715","Kit Henna Menela - Loiro escuro","Sobrancelha","Sobrancelhas","Sobrancelhas","ALTA","AUTO_APROVADO","Categoria Tiny já pertence à árvore Sobrancelha."
"741047720","Kit Henna Menela - Preto","Sobrancelha","Sobrancelhas","Sobrancelhas","ALTA","AUTO_APROVADO","Categoria Tiny já pertence à árvore Sobrancelha."
"741047170","KIT INICIANTE 1","Lash Designer >> Kit Iniciante","Lash Designer","Kits","ALTA","AUTO_APROVADO","Categoria Tiny já pertence à árvore Lash Designer."
"738052955","KIT INICIANTE 2 COMPLETO","Lash Designer >> Kit Iniciante","Lash Designer","Kits","ALTA","AUTO_APROVADO","Categoria Tiny já pertence à árvore Lash Designer."
"741047161","KIT INICIANTE 3 + KIT RETENÇÃO COMPLETO","Lash Designer >> Kit Iniciante","Lash Designer","Kits","ALTA","AUTO_APROVADO","Categoria Tiny já pertence à árvore Lash Designer."
"738052969","Kit Lash Lifting Iconsign","Acesssórios e descartáveis","Lash Designer","Cílios","MEDIA","AUTO_APROVADO","Nome contém sinais fortes de produto para extensão de cílios."
"738052978","Kit navalha 3 unidades","Acesssórios e descartáveis","Revisar","Revisar","BAIXA","REVISAR_MANUALMENTE","Sem sinal suficiente para classificar automaticamente sem risco."
"738052985","Kit pincel ponta fina sereia - 3un","NAIL DESIGNER","Nail Designer","Nail Designer","ALTA","AUTO_APROVADO","Categoria Tiny já pertence à árvore Nail Designer."
"738053009","KIT RETENÇÃO CHERRY LASH - BRUMA + FINALIZADOR + PRIMER","Lash Designer >> Cherry","Lash Designer","Higienização","ALTA","AUTO_APROVADO","Categoria Tiny já pertence à árvore Lash Designer."
"738053015","Lápis Dermatográfico Coloured - Preto","Sobrancelha","Sobrancelhas","Sobrancelhas","ALTA","AUTO_APROVADO","Categoria Tiny já pertence à árvore Sobrancelha."
"738053023","LÁPIS DERMATOGRÁFICO SOBRANCELHAS SOFT BRANCO - 1 UN (0) Cód","Sobrancelha","Sobrancelhas","Sobrancelhas","ALTA","AUTO_APROVADO","Categoria Tiny já pertence à árvore Sobrancelha."
"741048813","Lápis dermografico Mitisubishi","Sobrancelha","Sobrancelhas","Sobrancelhas","ALTA","AUTO_APROVADO","Categoria Tiny já pertence à árvore Sobrancelha."
"741048822","Lápis dermografico Mitisubishi - Branco","Sobrancelha","Sobrancelhas","Sobrancelhas","ALTA","AUTO_APROVADO","Categoria Tiny já pertence à árvore Sobrancelha."
"741048828","Lápis dermografico Mitisubishi - Preto","Sobrancelha","Sobrancelhas","Sobrancelhas","ALTA","AUTO_APROVADO","Categoria Tiny já pertence à árvore Sobrancelha."
"738053057","Lash Box Organizador de Cílios","Acesssórios e descartáveis","Lash Designer","Cílios","MEDIA","AUTO_APROVADO","Nome contém sinais fortes de produto para extensão de cílios."
"738053067","LASH FIX Miriam motta 30ml","(SEM CATEGORIA)","Lash Designer","Cílios","MEDIA","AUTO_APROVADO","Nome contém sinais fortes de produto para extensão de cílios."
"738053078","Lenço para limpar bico de cola 10 un","Lash Designer >> Acesssórios e descartáveis","Lash Designer","Colas e Adesivos","ALTA","AUTO_APROVADO","Categoria Tiny já pertence à árvore Lash Designer."
"738053088","Lente macro","Acesssórios e descartáveis","Revisar","Revisar","BAIXA","REVISAR_MANUALMENTE","Sem sinal suficiente para classificar automaticamente sem risco."
"738053096","Linha de Algodão Vanity para Depilação Facial Egípcia","Sobrancelha","Sobrancelhas","Sobrancelhas","ALTA","AUTO_APROVADO","Categoria Tiny já pertence à árvore Sobrancelha."
"738053105","Linha pigmentada para marcação de sobrancelha - cor preta","Sobrancelha","Sobrancelhas","Sobrancelhas","ALTA","AUTO_APROVADO","Categoria Tiny já pertence à árvore Sobrancelha."
"738053134","Lixa polidora - X&D 100/180","NAIL DESIGNER","Nail Designer","Nail Designer","ALTA","AUTO_APROVADO","Categoria Tiny já pertence à árvore Nail Designer."
"738053143","Máscara descartável","Acesssórios e descartáveis","Revisar","Revisar","BAIXA","REVISAR_MANUALMENTE","Sem sinal suficiente para classificar automaticamente sem risco."
"738053151","Máscara hidratante labial","Acesssórios e descartáveis","Revisar","Revisar","BAIXA","REVISAR_MANUALMENTE","Sem sinal suficiente para classificar automaticamente sem risco."
"738053163","Microbrush 100 un","Lash Designer >> Acesssórios e descartáveis","Lash Designer","Acessórios","ALTA","AUTO_APROVADO","Categoria Tiny já pertence à árvore Lash Designer."
"770470790","Mini kit retenção Cherry ","(SEM CATEGORIA)","Revisar","Revisar","BAIXA","REVISAR_MANUALMENTE","Sem sinal suficiente para classificar automaticamente sem risco."
"806077317","Mini Kit Retenção Cherry Lash","Lash Designer >> Cherry","Lash Designer","Kits","ALTA","AUTO_APROVADO","Categoria Tiny já pertence à árvore Lash Designer."
"738053179","Mini lixa polidora - Sioux","NAIL DESIGNER","Nail Designer","Nail Designer","ALTA","AUTO_APROVADO","Categoria Tiny já pertence à árvore Nail Designer."
"738053186","Misturador Agitador De Cola Elétrico","Lash Designer >> Acesssórios e descartáveis","Lash Designer","Colas e Adesivos","ALTA","AUTO_APROVADO","Categoria Tiny já pertence à árvore Lash Designer."
"738053198","Misturador mixer - Misturador de Henna","Acesssórios e descartáveis","Sobrancelhas","Sobrancelhas","MEDIA","AUTO_APROVADO","Nome contém sinais fortes de produto para sobrancelhas."
"738053212","Mousse de limpeza power  Miriam motta 50ml","(SEM CATEGORIA)","Revisar","Revisar","BAIXA","REVISAR_MANUALMENTE","Sem sinal suficiente para classificar automaticamente sem risco."
"738053243","Nano mister","Acesssórios e descartáveis","Revisar","Revisar","BAIXA","REVISAR_MANUALMENTE","Sem sinal suficiente para classificar automaticamente sem risco."
"738053256","Novo Pote Eco 30g - Vòlia","NAIL DESIGNER >> Vólia","Nail Designer","Nail Designer","ALTA","AUTO_APROVADO","Categoria Tiny já pertence à árvore Nail Designer."
"738053270","Pad 25 pares","Acesssórios e descartáveis","Revisar","Revisar","BAIXA","REVISAR_MANUALMENTE","Sem sinal suficiente para classificar automaticamente sem risco."
"738053275","PAD 50 unidades- pares","Acesssórios e descartáveis","Revisar","Revisar","BAIXA","REVISAR_MANUALMENTE","Sem sinal suficiente para classificar automaticamente sem risco."
"738053301","Palito Para Alinhamento E Limpeza Henna Design Sobrancelhas","Acesssórios e descartáveis","Sobrancelhas","Sobrancelhas","MEDIA","AUTO_APROVADO","Nome contém sinais fortes de produto para sobrancelhas."
"738053321","Paquímetro pequeno","Sobrancelha","Sobrancelhas","Sobrancelhas","ALTA","AUTO_APROVADO","Categoria Tiny já pertence à árvore Sobrancelha."
"805051162","Pasta Mágica Sourcil","Sobrancelha >> Sour Cil","Sobrancelhas","Sobrancelhas","ALTA","AUTO_APROVADO","Categoria Tiny já pertence à árvore Sobrancelha."
"738053328","Pedra jade","Acesssórios e descartáveis","Revisar","Revisar","BAIXA","REVISAR_MANUALMENTE","Sem sinal suficiente para classificar automaticamente sem risco."
"738053661","Pinça chafrada Solingen","Acesssórios e descartáveis","Lash Designer","Pinças","MEDIA","AUTO_APROVADO","Nome indica pinça; validar manualmente apenas se for ferramenta de outra linha."
"744931460","Pinça chanfrada para sobrancelha","Lash Designer >> Sobrancelha >> Pinças","Lash Designer","Pinças","ALTA","AUTO_APROVADO","Categoria Tiny já pertence à árvore Lash Designer."
"738053337","Pinça curva - Vetus","Lash Designer >> Pinças","Lash Designer","Pinças","ALTA","AUTO_APROVADO","Categoria Tiny já pertence à árvore Lash Designer."
"806077430","Pinça curva - Vetus - Preta","Lash Designer >> Pinças","Lash Designer","Pinças","ALTA","AUTO_APROVADO","Categoria Tiny já pertence à árvore Lash Designer."
"806077454","Pinça curva dourada","Lash Designer >> Pinças","Lash Designer","Pinças","ALTA","AUTO_APROVADO","Categoria Tiny já pertence à árvore Lash Designer."
"738053373","Pinça curva golfinho","Pinças","Lash Designer","Pinças","MEDIA","AUTO_APROVADO","Nome indica pinça; validar manualmente apenas se for ferramenta de outra linha."
"738053379","pinça curva nagaraku NH 15","(SEM CATEGORIA)","Lash Designer","Cílios","MEDIA","AUTO_APROVADO","Nome contém sinais fortes de produto para extensão de cílios."
"738053388","Pinça curva para cílios","Lash Designer >> Pinças","Lash Designer","Cílios","ALTA","AUTO_APROVADO","Categoria Tiny já pertence à árvore Lash Designer."
"738053395","Pinça curva para extensão de cílios","Lash Designer >> Pinças","Lash Designer","Cílios","ALTA","AUTO_APROVADO","Categoria Tiny já pertence à árvore Lash Designer."
"738053404","Pinça Curva SKY","Pinças","Lash Designer","Pinças","MEDIA","AUTO_APROVADO","Nome indica pinça; validar manualmente apenas se for ferramenta de outra linha."
"738053420","Pinça De Curvatura C Prata - unha de gel","NAIL DESIGNER","Nail Designer","Nail Designer","ALTA","AUTO_APROVADO","Categoria Tiny já pertence à árvore Nail Designer."
"806077480","Pinça dourada","Lash Designer >> Pinças","Lash Designer","Pinças","ALTA","AUTO_APROVADO","Categoria Tiny já pertence à árvore Lash Designer."
"738053441","Pinça formato golfinho dourada","Lash Designer >> Pinças","Lash Designer","Pinças","ALTA","AUTO_APROVADO","Categoria Tiny já pertence à árvore Lash Designer."
"738053453","Pinça formato golfinho para cílios","Lash Designer >> Pinças","Lash Designer","Cílios","ALTA","AUTO_APROVADO","Categoria Tiny já pertence à árvore Lash Designer."
"738053460","pinca golfinho","(SEM CATEGORIA)","Lash Designer","Pinças","MEDIA","AUTO_APROVADO","Nome indica pinça; validar manualmente apenas se for ferramenta de outra linha."
"738053467","Pinça nagaraku - 06","Lash Designer >> Nagaraku","Lash Designer","Pinças","ALTA","AUTO_APROVADO","Categoria Tiny já pertence à árvore Lash Designer."
"738053533","Pinça nagaraku 04","Lash Designer >> Nagaraku","Lash Designer","Pinças","ALTA","AUTO_APROVADO","Categoria Tiny já pertence à árvore Lash Designer."
"738053553","Pinça nagaraku 07","Lash Designer >> Nagaraku","Lash Designer","Pinças","ALTA","AUTO_APROVADO","Categoria Tiny já pertence à árvore Lash Designer."
"738053595","Pinça nagaraku 09","Lash Designer >> Nagaraku","Lash Designer","Pinças","ALTA","AUTO_APROVADO","Categoria Tiny já pertence à árvore Lash Designer."
"738053609","Pinça nagaraku N- 03","Nagaraku","Lash Designer","Cílios","MEDIA","AUTO_APROVADO","Nome contém sinais fortes de produto para extensão de cílios."
"806077401","Pinça Nagaraku N-02","Lash Designer >> Nagaraku","Lash Designer","Pinças","ALTA","AUTO_APROVADO","Categoria Tiny já pertence à árvore Lash Designer."
"738053616","Pinça Nagaraku N01","Lash Designer >> Nagaraku","Lash Designer","Pinças","ALTA","AUTO_APROVADO","Categoria Tiny já pertence à árvore Lash Designer."
"738053624","Pinça nagaraku ST12","Lash Designer >> Nagaraku","Lash Designer","Pinças","ALTA","AUTO_APROVADO","Categoria Tiny já pertence à árvore Lash Designer."
"738053635","Pinça Nagaraku ST15 - Curva","Lash Designer >> Pinças","Lash Designer","Pinças","ALTA","AUTO_APROVADO","Categoria Tiny já pertence à árvore Lash Designer."
"744931475","Pinça para sobrancelha reta","Lash Designer >> Sobrancelha >> Pinças","Lash Designer","Pinças","ALTA","AUTO_APROVADO","Categoria Tiny já pertence à árvore Lash Designer."
"738053641","Pinça para volume","(SEM CATEGORIA)","Lash Designer","Pinças","MEDIA","AUTO_APROVADO","Nome indica pinça; validar manualmente apenas se for ferramenta de outra linha."
"738053647","Pinça para Volume - Bella moça","Pinças","Lash Designer","Pinças","MEDIA","AUTO_APROVADO","Nome indica pinça; validar manualmente apenas se for ferramenta de outra linha."
"744931497","Pinça ponta agulha para sobrancelha","(SEM CATEGORIA)","Lash Designer","Pinças","MEDIA","AUTO_APROVADO","Nome indica pinça; validar manualmente apenas se for ferramenta de outra linha."
"738053672","Pinça semi curva","Lash Designer >> Pinças","Lash Designer","Pinças","ALTA","AUTO_APROVADO","Categoria Tiny já pertence à árvore Lash Designer."
"738053685","PINÇA VETUS ST12 - RETA","Lash Designer >> Pinças","Lash Designer","Pinças","ALTA","AUTO_APROVADO","Categoria Tiny já pertence à árvore Lash Designer."
"806077417","PINÇA VETUS ST12 - RETA - Preta","Lash Designer >> Pinças","Lash Designer","Pinças","ALTA","AUTO_APROVADO","Categoria Tiny já pertence à árvore Lash Designer."
"738053692","Pincel aplicador gloss 50un","Acesssórios e descartáveis","Revisar","Revisar","BAIXA","REVISAR_MANUALMENTE","Sem sinal suficiente para classificar automaticamente sem risco."
"738053697","Pincel chanfrado duplo escova","Sobrancelha","Sobrancelhas","Sobrancelhas","ALTA","AUTO_APROVADO","Categoria Tiny já pertence à árvore Sobrancelha."
"738053709","Pincel de limpeza cílios","Acesssórios e descartáveis","Lash Designer","Cílios","MEDIA","AUTO_APROVADO","Nome contém sinais fortes de produto para extensão de cílios."
"738053714","PINCEL DUPLO (LÍNGUA DE GATO E PONTA FINA) FAN NAILS C","NAIL DESIGNER","Nail Designer","Nail Designer","ALTA","AUTO_APROVADO","Categoria Tiny já pertence à árvore Nail Designer."
"738053737","Pincel espanador pó para unha","NAIL DESIGNER","Nail Designer","Nail Designer","ALTA","AUTO_APROVADO","Categoria Tiny já pertence à árvore Nail Designer."
"738053743","Pincel língua de gato - para aplicação de gel","NAIL DESIGNER","Nail Designer","Nail Designer","ALTA","AUTO_APROVADO","Categoria Tiny já pertence à árvore Nail Designer."
"738053750","Pincel para efumar para de vaca","NAIL DESIGNER","Nail Designer","Nail Designer","ALTA","AUTO_APROVADO","Categoria Tiny já pertence à árvore Nail Designer."
"738053759","Pisseta para limpeza de cílios","Acesssórios e descartáveis","Lash Designer","Cílios","MEDIA","AUTO_APROVADO","Nome contém sinais fortes de produto para extensão de cílios."
"738053770","Placa de mão, suporte de cílios","Acesssórios e descartáveis","Lash Designer","Cílios","MEDIA","AUTO_APROVADO","Nome contém sinais fortes de produto para extensão de cílios."
"738053778","Placa dupla para cílios","Acesssórios e descartáveis","Lash Designer","Cílios","MEDIA","AUTO_APROVADO","Nome contém sinais fortes de produto para extensão de cílios."
"738053788","Plástico filme","(SEM CATEGORIA)","Revisar","Revisar","BAIXA","REVISAR_MANUALMENTE","Sem sinal suficiente para classificar automaticamente sem risco."
"738053793","Porta Brocas","NAIL DESIGNER","Nail Designer","Nail Designer","ALTA","AUTO_APROVADO","Categoria Tiny já pertence à árvore Nail Designer."
"738053806","Pote hermético com Higrometro","Acesssórios e descartáveis","Revisar","Revisar","BAIXA","REVISAR_MANUALMENTE","Sem sinal suficiente para classificar automaticamente sem risco."
"741047041","Pote hermético para cola adesivo","Acesssórios e descartáveis","Lash Designer","Colas e Adesivos","MEDIA","AUTO_APROVADO","Nome contém sinais fortes de adesivo/cola para lash."
"741047058","Pote hermético para cola adesivo - Preto","Acesssórios e descartáveis","Lash Designer","Colas e Adesivos","MEDIA","AUTO_APROVADO","Nome contém sinais fortes de adesivo/cola para lash."
"741047053","Pote hermético para cola adesivo - Rosa","Acesssórios e descartáveis","Lash Designer","Colas e Adesivos","MEDIA","AUTO_APROVADO","Nome contém sinais fortes de adesivo/cola para lash."
"738053814","PREP ANYLOVY - 120ML","NAIL DESIGNER >> ANYLOVY","Nail Designer","Nail Designer","ALTA","AUTO_APROVADO","Categoria Tiny já pertence à árvore Nail Designer."
"738053837","PREP BACTERICIDA PARA CUIDADOS COM AS UNHAS 120ML - X&D","NAIL DESIGNER","Nail Designer","Nail Designer","ALTA","AUTO_APROVADO","Categoria Tiny já pertence à árvore Nail Designer."
"738053842","PREP BACTERICIDA PARA CUIDADOS COM AS UNHAS 500ML- X&D -)","NAIL DESIGNER","Nail Designer","Nail Designer","ALTA","AUTO_APROVADO","Categoria Tiny já pertence à árvore Nail Designer."
"738053849","Prep Nail Spray – Frasco","NAIL DESIGNER >> Vólia","Nail Designer","Nail Designer","ALTA","AUTO_APROVADO","Categoria Tiny já pertence à árvore Nail Designer."
"738053857","Prep Nail Spray – Sachê - 350ML","NAIL DESIGNER >> Vólia","Nail Designer","Nail Designer","ALTA","AUTO_APROVADO","Categoria Tiny já pertence à árvore Nail Designer."
"738053861","Primer Ácido Step 1 - 11ml - Bluwe","NAIL DESIGNER >> BLUWE","Nail Designer","Nail Designer","ALTA","AUTO_APROVADO","Categoria Tiny já pertence à árvore Nail Designer."
"738053867","Primer Adesivador – Frasco","NAIL DESIGNER >> Vólia","Nail Designer","Nail Designer","ALTA","AUTO_APROVADO","Categoria Tiny já pertence à árvore Nail Designer."
"738053877","Primer Cherry - desengordurante para extensão de cílios","Lash Designer >> Cherry","Lash Designer","Cílios","ALTA","AUTO_APROVADO","Categoria Tiny já pertence à árvore Lash Designer."
"738053889","Primer limpador de cílios Navina","Acesssórios e descartáveis","Lash Designer","Cílios","MEDIA","AUTO_APROVADO","Nome contém sinais fortes de produto para extensão de cílios."
"753581661","Primer Nail Bonder Vòlia Preparador Unhas Sem Ácido 10ml","NAIL DESIGNER","Nail Designer","Nail Designer","ALTA","AUTO_APROVADO","Categoria Tiny já pertence à árvore Nail Designer."
"738053897","Primer Para Extensão De Cílios Glue Primer Navina 20ml","Acesssórios e descartáveis","Lash Designer","Cílios","MEDIA","AUTO_APROVADO","Nome contém sinais fortes de produto para extensão de cílios."
"738053914","Primer sem ácido 10ML - ANYLOVY","NAIL DESIGNER >> ANYLOVY","Nail Designer","Nail Designer","ALTA","AUTO_APROVADO","Categoria Tiny já pertence à árvore Nail Designer."
"738053946","Pulseira para pinça - Anti queda","Acesssórios e descartáveis","Lash Designer","Pinças","MEDIA","AUTO_APROVADO","Nome indica pinça; validar manualmente apenas se for ferramenta de outra linha."
"738053961","Pulseira para pinça anti queda","(SEM CATEGORIA)","Lash Designer","Pinças","MEDIA","AUTO_APROVADO","Nome indica pinça; validar manualmente apenas se for ferramenta de outra linha."
"741049133","Refil para Gel de Alongamento para Unhas - Linha Light - 15ml - Real Love","NAIL DESIGNER >> Real Love","Nail Designer","Nail Designer","ALTA","AUTO_APROVADO","Categoria Tiny já pertence à árvore Nail Designer."
"741049184","Refil para Gel de Alongamento para Unhas - Linha Light - 15ml - Real Love - 1 Transparente","NAIL DESIGNER >> Real Love","Nail Designer","Nail Designer","ALTA","AUTO_APROVADO","Categoria Tiny já pertence à árvore Nail Designer."
"741049208","Refil para Gel de Alongamento para Unhas - Linha Light - 15ml - Real Love - 18 White","NAIL DESIGNER >> Real Love","Nail Designer","Nail Designer","ALTA","AUTO_APROVADO","Categoria Tiny já pertence à árvore Nail Designer."
"741049189","Refil para Gel de Alongamento para Unhas - Linha Light - 15ml - Real Love - 2 Pink Nude","NAIL DESIGNER >> Real Love","Nail Designer","Nail Designer","ALTA","AUTO_APROVADO","Categoria Tiny já pertence à árvore Nail Designer."
"741049218","Refil para Gel de Alongamento para Unhas - Linha Light - 15ml - Real Love - 20 Nude","NAIL DESIGNER >> Real Love","Nail Designer","Nail Designer","ALTA","AUTO_APROVADO","Categoria Tiny já pertence à árvore Nail Designer."
"741049225","Refil para Gel de Alongamento para Unhas - Linha Light - 15ml - Real Love - 21 Milky","NAIL DESIGNER >> Real Love","Nail Designer","Nail Designer","ALTA","AUTO_APROVADO","Categoria Tiny já pertence à árvore Nail Designer."
"741049195","Refil para Gel de Alongamento para Unhas - Linha Light - 15ml - Real Love - 4 Nude","NAIL DESIGNER >> Real Love","Nail Designer","Nail Designer","ALTA","AUTO_APROVADO","Categoria Tiny já pertence à árvore Nail Designer."
"741049202","Refil para Gel de Alongamento para Unhas - Linha Light - 15ml - Real Love - 5 Nude","NAIL DESIGNER >> Real Love","Nail Designer","Nail Designer","ALTA","AUTO_APROVADO","Categoria Tiny já pertence à árvore Nail Designer."
"738053964","Regulador de PH","NAIL DESIGNER >> ANYLOVY","Nail Designer","Nail Designer","ALTA","AUTO_APROVADO","Categoria Tiny já pertence à árvore Nail Designer."
"738053970","Removedor de Cola Para Pinça","Lash Designer >> Removedores","Lash Designer","Colas e Adesivos","ALTA","AUTO_APROVADO","Categoria Tiny já pertence à árvore Lash Designer."
"805052600","Removedor de Henna - Menela","(SEM CATEGORIA)","Lash Designer","Removedores","MEDIA","AUTO_APROVADO","Nome indica removedor."
"738053983","Removedor de Manchas Rare Way 20ml","Sobrancelha >> Rare Way","Sobrancelhas","Sobrancelhas","ALTA","AUTO_APROVADO","Categoria Tiny já pertence à árvore Sobrancelha."
"738053987","Removedor em creme nagaraku","Lash Designer >> Nagaraku","Lash Designer","Removedores","ALTA","AUTO_APROVADO","Categoria Tiny já pertence à árvore Lash Designer."
"738054001","REMOVEDOR EXCELLENT CREAM 5G","Removedores","Lash Designer","Removedores","MEDIA","AUTO_APROVADO","Nome indica removedor."
"738054012","Removedor Excellent Olive 7g","(SEM CATEGORIA)","Lash Designer","Removedores","MEDIA","AUTO_APROVADO","Nome indica removedor."
"738054040","Removedor funmix morango","Lash Designer >> Removedores","Lash Designer","Removedores","ALTA","AUTO_APROVADO","Categoria Tiny já pertence à árvore Lash Designer."
"738054049","Removedor funmix rosa","Lash Designer >> Removedores","Lash Designer","Removedores","ALTA","AUTO_APROVADO","Categoria Tiny já pertence à árvore Lash Designer."
"738054072","Removedor nagaraku Jelly","Lash Designer >> Nagaraku","Lash Designer","Removedores","ALTA","AUTO_APROVADO","Categoria Tiny já pertence à árvore Lash Designer."
"738054080","Removedor nagaraku pink","(SEM CATEGORIA)","Lash Designer","Cílios","MEDIA","AUTO_APROVADO","Nome contém sinais fortes de produto para extensão de cílios."
"738054094","Removedor Navina caneta","Lash Designer >> Navina","Lash Designer","Removedores","ALTA","AUTO_APROVADO","Categoria Tiny já pertence à árvore Lash Designer."
"738054101","Removedor Navina em gel","Removedores","Lash Designer","Removedores","MEDIA","AUTO_APROVADO","Nome indica removedor."
"738054111","Removedor Salon Pro 60ml","Lash Designer >> Removedores","Lash Designer","Removedores","ALTA","AUTO_APROVADO","Categoria Tiny já pertence à árvore Lash Designer."
"738054118","Ring light 18 polegadas 46cm","Ring Lght 18 Polegadas 46 Cm","Revisar","Revisar","BAIXA","REVISAR_MANUALMENTE","Sem sinal suficiente para classificar automaticamente sem risco."
"738054154","Ring Light 18 Polegadas 46cm Tomate Com Tripé","Ring Lght 18 Polegadas 46 Cm","Revisar","Revisar","BAIXA","REVISAR_MANUALMENTE","Sem sinal suficiente para classificar automaticamente sem risco."
"738054184","Ring Light 36 cm + Ring 20 cm de Brinde","Ring Light >> 14 polegadas","Revisar","Revisar","BAIXA","REVISAR_MANUALMENTE","Sem sinal suficiente para classificar automaticamente sem risco."
"738054217","Ring light 46 cm - 18 polegadas","Ring Light >> Ring Lght 18 Polegadas 46 Cm","Revisar","Revisar","BAIXA","REVISAR_MANUALMENTE","Sem sinal suficiente para classificar automaticamente sem risco."
"738054228","Ring Light 46cm Tomate + Bolsa","Ring Light >> Ring Lght 18 Polegadas 46 Cm","Revisar","Revisar","BAIXA","REVISAR_MANUALMENTE","Sem sinal suficiente para classificar automaticamente sem risco."
"738054264","Rosto de treino para cílios","Lash Designer >> Acesssórios e descartáveis","Lash Designer","Cílios","ALTA","AUTO_APROVADO","Categoria Tiny já pertence à árvore Lash Designer."
"753576984","Sachê Top Coat Efeitos Refil 9g - Vólia Cor Eggshell Matte","NAIL DESIGNER","Nail Designer","Nail Designer","ALTA","AUTO_APROVADO","Categoria Tiny já pertence à árvore Nail Designer."
"738054277","Sérum Brow Modelation Incolor","Sobrancelha >> Menela","Sobrancelhas","Sobrancelhas","ALTA","AUTO_APROVADO","Categoria Tiny já pertence à árvore Sobrancelha."
"801539789","Shampoo espuma Beautyfi","(SEM CATEGORIA)","Lash Designer","Higienização","MEDIA","AUTO_APROVADO","Nome indica preparação/higienização lash."
"738054281","Sílica 100g","Acesssórios e descartáveis","Revisar","Revisar","BAIXA","REVISAR_MANUALMENTE","Sem sinal suficiente para classificar automaticamente sem risco."
"738054286","SIOUX LIXA CAIXAO POLIDORA - 100/180","NAIL DESIGNER","Nail Designer","Nail Designer","ALTA","AUTO_APROVADO","Categoria Tiny já pertence à árvore Nail Designer."
"738054298","Suporte organizador de pinças","Acesssórios e descartáveis","Lash Designer","Pinças","MEDIA","AUTO_APROVADO","Nome indica pinça; validar manualmente apenas se for ferramenta de outra linha."
"738054310","Suporte plástico colmeia para cola de cílios","Acesssórios e descartáveis","Lash Designer","Cílios","MEDIA","AUTO_APROVADO","Nome contém sinais fortes de produto para extensão de cílios."
"738054316","Tesoura modelo pássaro","Acesssórios e descartáveis","Revisar","Revisar","BAIXA","REVISAR_MANUALMENTE","Sem sinal suficiente para classificar automaticamente sem risco."
"738054319","Tesoura pequena","Acesssórios e descartáveis","Revisar","Revisar","BAIXA","REVISAR_MANUALMENTE","Sem sinal suficiente para classificar automaticamente sem risco."
"738054325","Tesoura ponta redonda para sobrancelhas","Acesssórios e descartáveis","Sobrancelhas","Sobrancelhas","MEDIA","AUTO_APROVADO","Nome contém sinais fortes de produto para sobrancelhas."
"738054330","TIPS UNHA POSTIÇAS - ZEM BAILARINA C/100","NAIL DESIGNER","Nail Designer","Nail Designer","ALTA","AUTO_APROVADO","Categoria Tiny já pertence à árvore Nail Designer."
"738054352","Top Coat - D&Z - 15ml","NAIL DESIGNER >> D&Z","Nail Designer","Nail Designer","ALTA","AUTO_APROVADO","Categoria Tiny já pertence à árvore Nail Designer."
"738054366","TOP COAT 9g - ANYLOVY","NAIL DESIGNER >> ANYLOVY","Nail Designer","Nail Designer","ALTA","AUTO_APROVADO","Categoria Tiny já pertence à árvore Nail Designer."
"738054376","Top Coat Camuflagem Natural Pink 11ml - Bluwe","NAIL DESIGNER >> BLUWE","Nail Designer","Nail Designer","ALTA","AUTO_APROVADO","Categoria Tiny já pertence à árvore Nail Designer."
"738054393","Top Coat Camuflagem Querido Bege 11ml - Bluwe","NAIL DESIGNER >> BLUWE","Nail Designer","Nail Designer","ALTA","AUTO_APROVADO","Categoria Tiny já pertence à árvore Nail Designer."
"738054414","Top Coat Camuflagem Silk White 11ml - Bluwe","NAIL DESIGNER >> BLUWE","Nail Designer","Nail Designer","ALTA","AUTO_APROVADO","Categoria Tiny já pertence à árvore Nail Designer."
"738054439","Top Coat Clear 11ml - Bluwe","NAIL DESIGNER >> BLUWE","Nail Designer","Nail Designer","ALTA","AUTO_APROVADO","Categoria Tiny já pertence à árvore Nail Designer."
"738054465","Top Coat Com Glitter - Linha Light 12ML - Real Love","NAIL DESIGNER >> Real Love","Nail Designer","Nail Designer","ALTA","AUTO_APROVADO","Categoria Tiny já pertence à árvore Nail Designer."
"738054476","TOP COAT COVER ANYLOVY","NAIL DESIGNER >> ANYLOVY","Nail Designer","Nail Designer","ALTA","AUTO_APROVADO","Categoria Tiny já pertence à árvore Nail Designer."
"738054483","Top Coat Matte Efeito Fosco 12ml - Real Love","NAIL DESIGNER >> Real Love","Nail Designer","Nail Designer","ALTA","AUTO_APROVADO","Categoria Tiny já pertence à árvore Nail Designer."
"738054499","Top Coat – Clear Frasco - 9g","NAIL DESIGNER >> Vólia","Nail Designer","Nail Designer","ALTA","AUTO_APROVADO","Categoria Tiny já pertence à árvore Nail Designer."
"738054521","Top Coat – Cover Frasco - 9g","NAIL DESIGNER >> Vólia","Nail Designer","Nail Designer","ALTA","AUTO_APROVADO","Categoria Tiny já pertence à árvore Nail Designer."
"806076792","Top Coat – Eggshell Matte Sachê","NAIL DESIGNER >> Vólia","Nail Designer","Nail Designer","ALTA","AUTO_APROVADO","Categoria Tiny já pertence à árvore Nail Designer."
"738054557","Top Coat – Gold Sachê","NAIL DESIGNER >> Vólia","Nail Designer","Nail Designer","ALTA","AUTO_APROVADO","Categoria Tiny já pertence à árvore Nail Designer."
"738054577","Top Coat – Rosé Gold Sachê","NAIL DESIGNER >> Vólia","Nail Designer","Nail Designer","ALTA","AUTO_APROVADO","Categoria Tiny já pertence à árvore Nail Designer."
"738054595","Ventilador de mão","Acesssórios e descartáveis","Revisar","Revisar","BAIXA","REVISAR_MANUALMENTE","Sem sinal suficiente para classificar automaticamente sem risco."
"738050854","￼Apoiador de Mão - MDF Prime Strass Rosa - Nail Designer Manicure","NAIL DESIGNER","Nail Designer","Nail Designer","ALTA","AUTO_APROVADO","Categoria Tiny já pertence à árvore Nail Designer."
"738053110","￼Lixa Apolinario Grossa 100/180","NAIL DESIGNER","Nail Designer","Nail Designer","ALTA","AUTO_APROVADO","Categoria Tiny já pertence à árvore Nail Designer."